smiles,match_rules,reaction_num,carbon_count
NC(=O)C1=CN(C2OC(COP(=O)(O)OP(=O)(O)OCC3OC(n4cnc5c(N)ncnc54)C(O)C3O)C(O)C2O)C=CC1,2070,633,21
NC(=O)C1=CN(C2OC(COP(=O)(O)OP(=O)(O)OCC3OC(n4cnc5c(N)ncnc54)C(OP(=O)(O)O)C3O)C(O)C2O)C=CC1,2334,617,21
Nc1ncnc2c1ncn2C1OC(COP(=O)(O)OP(=O)(O)OP(=O)(O)O)C(O)C1O,2269,563,10
Nc1ncnc2c1ncn2C1OC(COP(=O)(O)O)C(O)C1O,2224,408,10
Nc1ncnc2c1ncn2C1OC(COP(=O)(O)OP(=O)(O)O)C(O)C1O,2283,396,10
CC(C)(COP(=O)([O-])OP(=O)([O-])OC[C@H]1O[C@@H](n2cnc3c(N)ncnc32)[C@H](O)[C@@H]1OP(=O)([O-])[O-])[C@@H](O)C(=O)NCCC(=O)NCCS,2848,354,21
O=c1ccn([C@@H]2O[C@H](COP(=O)([O-])OP(=O)([O-])[O-])[C@@H](O)[C@H]2O)c(=O)[nH]1,2329,264,9
[NH3+][C@H](CCC(=O)[O-])C(=O)[O-],2000,231,5
OC[C@@H]1O[C@H](O)[C@H](O)[C@H](O)[C@@H]1O,2226,214,6
Nc1nc2c(ncn2C2OC(COP(=O)(O)OP(=O)(O)O)C(O)C2O)c(=O)[nH]1,2309,213,10
Nc1ccn([C@@H]2O[C@H](COP(=O)([O-])OP(=O)([O-])[O-])[C@@H](O)[C@H]2O)c(=O)n1,2355,210,9
O=c1[nH]cnc2c1ncn2[C@@H]1O[C@H](COP(=O)([O-])OP(=O)([O-])[O-])[C@@H](O)[C@H]1O,2285,208,10
CC(=O)C(=O)[O-],1197,207,3
O=C(O)CCC(=O)C(=O)O,2170,198,5
CC(=O)[O-],620,194,2
O=c1ccn(C2CC(O)C(COP(=O)(O)OP(=O)(O)O)O2)c(=O)[nH]1,2376,191,9
[NH3+][C@@H](CC(=O)[O-])C(=O)[O-],1858,189,4
Nc1ccn(C2OC(COP(=O)(O)O)C(O)C2O)c(=O)n1,2598,181,9
Nc1ccn([C@H]2C[C@H](O)[C@@H](COP(=O)([O-])OP(=O)([O-])[O-])O2)c(=O)n1,2366,177,9
Cc1cn([C@H]2C[C@H](O)[C@@H](COP(=O)([O-])OP(=O)([O-])[O-])O2)c(=O)[nH]c1=O,2304,174,10
O=c1ccn([C@@H]2O[C@H](COP(=O)([O-])[O-])[C@@H](O)[C@H]2O)c(=O)[nH]1,2266,170,9
Nc1nc2c(ncn2[C@@H]2O[C@H](CO)[C@@H](O)[C@H]2O)c(=O)[nH]1,1394,167,10
O=c1[nH]cnc2c1ncn2[C@@H]1O[C@H](COP(=O)([O-])[O-])[C@@H](O)[C@H]1O,2547,166,10
Nc1nc2c(ncn2[C@@H]2O[C@H](COP(=O)([O-])[O-])[C@@H](O)[C@H]2O)c(=O)[nH]1,2245,163,10
Nc1nc2c(ncn2C2CC(O)C(COP(=O)(O)OP(=O)(O)O)O2)c(=O)[nH]1,2320,160,10
OC[C@H]1OC(O)(CO)[C@H](O)[C@@H]1O,1823,158,6
O=c1ccn([C@@H]2O[C@H](CO)[C@@H](O)[C@@H]2O)c(=O)[nH]1,1485,156,9
O=P([O-])([O-])OC[C@H]1OC(O)[C@H](O)[C@@H](O)[C@@H]1O,2861,149,6
NC(=O)CCC(N)C(=O)O,2142,146,5
O=C(O)CC(=O)C(=O)O,2037,144,4
O=c1ccn([C@H]2C[C@H](O)[C@@H](COP(=O)([O-])[O-])O2)c(=O)[nH]1,2309,143,9
O=P([O-])([O-])O[C@H]1O[C@H](CO)[C@H](O)[C@H](O)[C@H]1O,2926,143,6
C[C@H]([NH3+])C(=O)[O-],1345,140,3
[NH3+][C@@H](CO)C(=O)[O-],1904,137,3
O=c1ccn(C2OC(COP(=O)(O)OP(=O)(O)OP(=O)(O)O)C(O)C2O)c(=O)[nH]1,2315,136,9
Nc1ccn(C2OC(CO)C(O)C2O)c(=O)n1,1496,134,9
Nc1ccn(C2CC(O)C(COP(=O)(O)O)O2)c(=O)n1,2302,133,9
Nc1ccn([C@@H]2O[C@H](COP(=O)([O-])OP(=O)([O-])OP(=O)([O-])[O-])[C@@H](O)[C@H]2O)c(=O)n1,2341,130,9
Cc1cn([C@H]2C[C@H](O)[C@@H](COP(=O)([O-])[O-])O2)c(=O)[nH]c1=O,2239,130,10
CCC(=O)C(=O)[O-],1236,129,4
Nc1ncnc2c1ncn2[C@@H]1O[C@H](CO)[C@H](O)[C@H]1O,1268,127,10
O=c1[nH]cnc2c1ncn2[C@@H]1O[C@H](COP(=O)([O-])OP(=O)([O-])OP(=O)([O-])[O-])[C@@H](O)[C@H]1O,2263,125,10
Nc1nc2c(ncn2[C@H]2C[C@H](O)[C@@H](COP(=O)([O-])[O-])O2)c(=O)[nH]1,2209,124,10
N[C@H]1C(O)O[C@H](CO)[C@H](O)[C@H]1O,2338,119,6
O=P([O-])([O-])OC[C@H]1O[C@@H](OP(=O)([O-])[O-])[C@H](O)[C@@H](O)[C@@H]1O,2714,112,6
O=c1ccn(C2CC(O)C(COP(=O)(O)OP(=O)(O)OP(=O)(O)O)O2)c(=O)[nH]1,2361,111,9
[NH3+][C@@H](CS)C(=O)[O-],1627,109,3
Nc1nc2c(ncn2C2OC(COP(=O)(O)OP(=O)(O)OP(=O)(O)O)C(O)C2O)c(=O)[nH]1,2296,109,10
Cc1cc2c(cc1C)N(CC(O)C(O)C(O)COP(=O)(O)OP(=O)(O)OCC1OC(n3cnc4c(N)ncnc43)C(O)C1O)c1[nH]c(=O)[nH]c(=O)c1N2,2232,108,27
NCCO,805,108,2
O=C([O-])C(=O)Cc1ccc(O)cc1,1921,108,9
Cc1cn([C@H]2C[C@H](O)[C@@H](CO)O2)c(=O)[nH]c1=O,1489,108,10
O=C([O-])C(O)COP(=O)([O-])[O-],2552,107,3
O=C([O-])C(=O)CC(O)C(=O)[O-],2536,105,5
NC(=O)CCC(=O)C(=O)[O-],2350,105,5
Nc1ncnc2c1ncn2[C@H]1C[C@H](O)[C@@H](COP(=O)([O-])OP(=O)([O-])[O-])O1,2300,104,10
Nc1ccn([C@H]2C[C@H](O)[C@@H](COP(=O)([O-])OP(=O)([O-])OP(=O)([O-])[O-])O2)c(=O)n1,2351,103,9
O=P(O)(O)OC[C@H]1O[C@@](O)(CO)[C@@H](O)[C@H]1O,2823,101,6
CSCC[C@@H]([NH3+])C(=O)[O-],2122,100,5
NC(Cc1ccc(O)cc1)C(=O)O,2727,98,9
Cc1cn(C2CC(O)C(COP(=O)(O)OP(=O)(O)OP(=O)(O)O)O2)c(=O)[nH]c1=O,2289,98,10
[NH3+][C@H](Cc1ccccc1)C(=O)[O-],1510,97,9
O=C(CO)[C@@H](O)[C@@H](O)[C@H](O)CO,1690,96,6
CC(=O)NC(CCC(=O)O)C(=O)O,1744,96,7
O=c1nc[nH]c2c1ncn2C1O[C@H](CO)[C@@H](O)[C@@H]1O,1804,95,10
O=c1ccn([C@H]2C[C@H](O)[C@@H](CO)O2)c(=O)[nH]1,1532,94,9
O=C([O-])C(=O)Cc1ccccc1,1320,94,9
CC(C)CC(=O)C(=O)[O-],1760,93,6
Nc1ccn(C2CC(O)C(CO)O2)c(=O)n1,1539,92,9
Nc1nc2c(ncn2C2CC(O)C(COP(=O)(O)OP(=O)(O)OP(=O)(O)O)O2)c(=O)[nH]1,2305,91,10
Nc1nc2c(ncn2C2CC(O)C(CO)O2)c(=O)[nH]1,1459,90,10
CCC(C)C(=O)C(=O)O,1441,89,6
O=C([O-])[C@H](O)CO,2104,87,3
[NH3+]CC(=O)[O-],1451,87,2
O=P(O)(O)OC1(CO)O[C@H](CO)[C@@H](O)[C@@H]1O,2628,86,6
CC(=O)N[C@@H]1C(O)O[C@H](CO)[C@@H](O)[C@@H]1O,2345,86,8
OC[C@H]1O[C@H](O[C@]2(CO)O[C@H](CO)[C@@H](O)[C@@H]2O)[C@H](O)[C@@H](O)[C@@H]1O,1858,85,12
CCC(N)C(=O)O,1421,85,4
Nc1ncnc2c1ncn2[C@H]1C[C@H](O)[C@@H](COP(=O)([O-])[O-])O1,2256,84,10
C[S+](CCC(N)C(=O)[O-])CC1OC(n2cnc3c(N)ncnc32)C(O)C1O,3006,83,15
OCC(O)CO,1037,80,3
CC(C)C[C@H]([NH3+])C(=O)[O-],1362,80,6
O=C[C@H](O)COP(=O)([O-])[O-],2301,77,3
[NH3+][C@@H](C[C@@H](O)C(=O)[O-])C(=O)[O-],2600,76,5
CC(=O)N[C@@H](CCC(N)=O)C(=O)O,2004,74,7
Nc1ncnc2c1ncn2C1OC(CSCCC(N)C(=O)O)C(O)C1O,2984,74,14
O=C([O-])[C@@H](O)[C@H](O)[C@@H](O)[C@H](O)CO,2390,74,6
[NH3+]CCCC[C@H]([NH3+])C(=O)[O-],1786,72,6
Nc1ncnc2c1ncn2C1CC(O)C(CO)O1,1262,72,10
O=c1[nH]cnc2c1ncn2[C@H]1C[C@H](O)[C@@H](COP(=O)([O-])OP(=O)([O-])[O-])O1,2321,70,10
[NH3+][C@@H](CCO)C(=O)[O-],2342,70,4
N[C@H](CCCC(=O)O)C(=O)O,1911,69,6
Nc1nc2[nH]cnc2c(=O)[nH]1,389,68,5
CSCCC(=O)C(=O)[O-],2052,68,5
O=CCO,731,68,2
[NH3+][C@H]1[C@@H](OP(=O)([O-])[O-])O[C@H](CO)[C@H](O)[C@@H]1O,3023,67,6
C[C@H]([NH3+])C(=O)N[C@@H](CCC(=O)[O-])C(=O)[O-],2185,67,8
CC(N)C(=O)NC(CCC(N)=O)C(=O)O,2177,67,8
[NH3+][C@@H](CCC=O)C(=O)[O-],1942,67,5
O=C(O)CCCC(=O)C(=O)O,2056,66,6
Cc1cc2nc3c(=O)[nH]c(=O)nc-3n(C[C@H](O)[C@H](O)[C@H](O)COP(=O)(O)O)c2cc1C,1453,66,17
O=c1[nH]c(=O)c2ncn(C3OC(COP(=O)(O)O)C(O)C3O)c2[nH]1,2577,66,10
NCCCC(N)C(=O)O,1716,66,5
NC(=O)CC[C@H](NC(=O)C[NH3+])C(=O)[O-],2236,65,7
CC(=O)SCCNC(=O)CCNC(=O)[C@H](O)C(C)(C)COP(=O)([O-])OP(=O)([O-])OC[C@H]1O[C@@H](n2cnc3c(N)ncnc32)[C@H](O)[C@@H]1OP(=O)([O-])[O-],3295,65,23
NCC(=O)NC(CCC(=O)O)C(=O)O,2201,65,7
O=P([O-])([O-])OC[C@@H](O)CO,2283,64,3
NC(=O)C[C@H]([NH3+])C(=O)[O-],1996,64,4
O=P(O)(O)OCC1OC(CO)(OP(=O)(O)O)C(O)C1O,2596,64,6
Nc1ncnc2[nH]cnc12,218,64,5
O=c1[nH]cnc2c1ncn2C1CC(O)C(COP(=O)(O)OP(=O)(O)OP(=O)(O)O)O1,2306,64,10
CCCCCCCCC=CCCCCCCCC(=O)OC(COC(=O)CCCCCCCCCCCCCCC)COP(=O)(O)O,1427,63,37
C[C@H](O)[C@@H]([NH3+])C(=O)[O-],1723,63,4
O=P([O-])([O-])O[C@H]1[C@H](O[C@H]2O[C@H](CO)[C@@H](O)[C@H](O)[C@@H]2O)[C@@H](O)[C@H](O)[C@@H](O)[C@H]1O,2650,63,12
OC[C@H]1O[C@@H](O[C@H]2O[C@H](CO)[C@@H](O)[C@H](O)[C@H]2O)[C@H](O)[C@@H](O)[C@@H]1O,1769,63,12
O=P([O-])([O-])OC[C@H]1OC(OC2O[C@H](CO)[C@@H](O)[C@H](O)[C@H]2O)[C@H](O)[C@@H](O)[C@@H]1O,2574,62,12
Nc1ncnc2c1ncn2[C@H]1C[C@H](O)[C@@H](COP(=O)([O-])OP(=O)([O-])OP(=O)([O-])[O-])O1,2285,62,10
OC[C@H]1O[C@@H](O[C@@H]2[C@@H](O)[C@H](O)[C@H](O)[C@H](O)[C@H]2O)[C@H](O)[C@@H](O)[C@H]1O,1793,62,12
O=C(CO)[C@@H](O)[C@H](O)[C@H](O)COP(=O)([O-])[O-],2686,61,6
O=C([O-])CCC(=O)[O-],743,61,4
NC1C(O)OC(COP(=O)([O-])O)C(O)C1O,2965,60,6
CC(=O)NCCCCN,461,60,6
O=C([O-])C[C@@H](O)C(=O)[O-],1929,60,4
O=CC(=O)[O-],703,60,2
CC[C@H](C)[C@@H]([NH3+])C(=O)[O-],1363,59,6
Nc1ccn(C2OC(CO)C(O)C2OP(=O)(O)O)c(=O)n1,2393,58,9
O=P(O)(O)OCC1OC(O)C(O)C1O,2797,58,5
CCCCCCC=CCCCCCCCC(=O)[O-],1040,58,16
O=c1ccn([C@@H]2O[C@H](CO)[C@@H](O)[C@H]2OP(=O)([O-])[O-])c(=O)[nH]1,2372,58,9
O=C([O-])C(=O)CS,1928,57,3
O=C[C@H](O)[C@H](O)[C@H](O)COP(=O)([O-])[O-],2489,57,5
O=C(O)Cc1ccccc1,954,57,8
NCCCC=O,473,56,4
NCCC=O,464,56,3
Nc1ncnc2c1ncn2C1OC(COP(=O)(O)O)C(OP(=O)(O)O)C1O,2243,56,10
O=CCc1ccccc1,133,56,8
C=C(OP(=O)(O)O)C(=O)O,720,55,3
CCCCCCCC/C=C/CCCCCCCC(=O)[O-],1040,55,18
O=C(O)CO,1561,55,2
O=c1[nH]c(=O)c2ncn(C3OC(CO)C(O)C3O)c2[nH]1,1377,54,10
NC(COP(=O)(O)O)C(=O)O,2944,54,3
O=CCCC(=O)[O-],1323,53,4
CCCCCC/C=C\CCCCCCCC(=O)OC[C@@H](CO)OC(=O)CCCCCCC/C=C\CCCCCC,1301,53,35
O=C(CO)COP(=O)(O)O,2186,53,3
CC(=O)NC1C(OP(=O)(O)O)OC(CO)C(O)C1O,2928,53,8
Nc1ncnc2c1ncn2C1OC(CO)C(OP(=O)([O-])[O-])C1O,2318,52,10
NCCCCN,312,52,4
CCC(=O)[O-],659,51,3
O=c1ccn([C@@H]2O[C@H](COP(=O)([O-])OP(=O)([O-])O[C@H]3O[C@H](CO)[C@@H](O)[C@H](O)[C@H]3O)[C@@H](O)[C@H]2O)c(=O)[nH]1,2617,51,15
CCO,293,51,2
O=c1[nH]cnc2c1ncn2C1CC(O)C(CO)O1,1518,50,10
O=C[C@H](O)[C@H](O)[C@@H](O)CO,1639,50,5
O=P([O-])([O-])OC[C@H]1O[C@H](O[C@]2(CO)O[C@H](CO)[C@@H](O)[C@@H]2O)[C@H](O)[C@@H](O)[C@@H]1O,2625,49,12
Nc1nc2c(c(=O)[nH]1)N[C@@H](CNc1ccc(C(=O)N[C@@H](CCC(=O)[O-])C(=O)[O-])cc1)CN2,1821,49,19
[NH3+][C@H](C(=O)[O-])[C@H](O)CO,2779,49,4
O=c1[nH]cnc2nc[nH]c12,293,49,5
[NH3+]CCCC(=O)[O-],1397,48,4
O=C([O-])c1ccc(O)cc1,1240,48,7
NCCC(=O)O,1377,47,3
Cc1cc2c(cc1C)N(CC(O)C(O)C(O)COP(=O)(O)O)c1[nH]c(=O)[nH]c(=O)c1N2,2332,47,17
O=C([O-])[C@@H](CO)OP(=O)([O-])[O-],2478,46,3
CCCCCCCC/C=C\CCCCCCCC(=O)OCC(CO)OC(=O)CCCCCCC/C=C\CCCCCCCC,1301,46,39
CCCCCCCCCCCCCCCC(=O)[O-],1023,46,16
O=P([O-])([O-])OC1OC(CO)C(O)C1O,2853,45,5
CCCCCCCCC=CCCCCCCCC(=O)OC(COC(=O)CCCCCCCCCCCCCCC)COP(=O)(O)OCC(O)CO,2656,45,40
O=C(O)C(O)C(O)C(O)C(O)COP(=O)(O)O,3059,45,6
Nc1nc2c(ncn2[C@@H]2O[C@H](CO)[C@@H](O)[C@H]2OP(=O)([O-])[O-])c(=O)[nH]1,2356,45,10
O=CCC(=O)[O-],920,44,3
O=C([O-])C(=O)[C@@H](O)[C@H](O)[C@H](O)CO,2713,44,6
O=C[C@H](O)CO,1351,44,3
[NH3+][C@@H](CCCC=O)C(=O)[O-],1952,44,6
NC(=O)c1ccc[n+](C2OC(COP(=O)([O-])O)C(O)C2O)c1,2309,44,11
CCCCCCCC/C=C\CCCCCCCC(=O)OC[C@H](O)CO,1832,44,21
NC(=O)c1ccc[n+](C2OC(CO)C(O)C2O)c1,1579,44,11
CCCCCCC=CCCCCCCCC(=O)OCC(COP(=O)(O)O)OC(=O)CCCCCCCC=CCCCCCC,1469,44,35
O=C[C@@H](O)[C@@H](O)[C@H](O)[C@H](O)COP(=O)(O)O,2524,43,6
CCCCCCCC/C=C\CCCCCCCC(=O)O[C@H](COC(=O)CCCCCCCCCCCCCCC)COP(=O)([O-])OC[C@@H](O)COP(=O)([O-])[O-],2297,43,40
O=C(CO)[C@@H](O)[C@H](O)CO,1645,43,5
C[N+](C)(C)CCO,432,43,5
CCCCCCCCCCCCCCCCCC(=O)[O-],723,43,18
CC=O,133,42,2
O=c1ccn([C@@H]2O[C@H](CO)[C@@H](OP(=O)([O-])[O-])[C@H]2O)c(=O)[nH]1,2353,42,9
O=CC[C@H](O)[C@H](O)CO,1573,42,5
O=C(COP(=O)(O)O)C(O)C(O)C(O)CO,2691,42,6
O=C(CO)[C@H](O)[C@H](O)COP(=O)([O-])[O-],2737,42,5
O=C(O)Cc1ccc(O)cc1,1912,42,8
O=c1cc[nH]c(=O)[nH]1,318,42,4
[NH3+]CCOP(=O)([O-])[O-],1551,42,2
Nc1nc2c(ncn2[C@@H]2O[C@H](CO)[C@@H](OP(=O)([O-])[O-])[C@H]2O)c(=O)[nH]1,2349,41,10
Nc1ccccc1C(=O)C[C@@H](N)C(=O)O,2468,41,10
Nc1cc[nH]c(=O)n1,376,41,4
CC(O)(CCOP(=O)(O)O)CC(=O)O,2604,41,6
CC(=O)NC(CCC=O)C(=O)O,1925,41,7
CCCCCCCC/C=C\CCCCCCCC(=O)OC[C@H](COP(=O)([O-])[O-])OC(=O)CCCCCCC/C=C\CCCCCCCC,1427,41,39
O=C([O-])c1ccccc1,284,41,7
O=Cc1cccc(O)c1,793,40,7
OC[C@H]1OC(CO)(O[C@@H]2O[C@H](CO[C@@H]3O[C@H](CO)[C@H](O)[C@H](O)[C@H]3O)[C@@H](O)[C@H](O)[C@H]2O)[C@@H](O)[C@@H]1O,1899,40,18
O=C(CO)C(O)C(O)C(O)C(O)COP(=O)(O)O,2699,40,7
NCCCN,299,40,3
Nc1nc2c(ncn2[C@@H]2O[C@H](COP(=O)([O-])OP(=O)([O-])O[C@H]3O[C@H](CO)[C@@H](O)[C@H](O)[C@@H]3O)[C@@H](O)[C@H]2O)c(=O)[nH]1,2844,40,16
O=C(O)CC(=O)O,1208,39,3
Cc1cc2nc3c(=O)[nH]c(=O)nc-3n(CC(O)C(O)C(O)CO)c2cc1C,1639,39,17
CC(=O)NCCCC=O,301,39,6
CC(=O)N[C@@H](CCC[NH3+])C(=O)[O-],1908,39,7
O=P([O-])([O-])O[C@@H]1[C@@H](O)[C@@H](O)[C@@H](O)[C@H](O)[C@H]1O,2169,39,6
O=CC[C@H](O)[C@H](O)COP(=O)(O)O,2430,39,5
OC[C@H]1O[C@H](O[C@@H]2[C@@H](CO)OC(O)[C@@H](O)[C@H]2O)[C@@H](O)[C@@H](O)[C@@H]1O,2242,39,12
O=C(CO)CO,1056,39,3
C[C@@H](O)C(=O)[O-],1141,38,3
O=C([O-])C(=O)[C@@H](O)[C@H](O)[C@H](O)COP(=O)([O-])[O-],3384,38,6
CCCCCCCCCCCCCCC[C@H](O)[C@@H](N)CO,1669,38,18
CC(=O)NC1C(O)OC(COP(=O)(O)O)C(O)C1O,2886,38,8
CCCCCCCCCC(=O)[O-],722,38,10
O=C(O)c1ccc(O)c(O)c1,1513,38,7
O[C@H]1[C@@H](O)[C@@H](O)[C@@H](O)[C@@H](O)[C@@H]1O,805,37,6
O=C(O)c1ccc[n+](C2OC(CO)C(O)C2O)c1,1783,37,11
CCCCCCCCCCCCCCCCCC(=O)OCC(O)COP(=O)(O)O,2488,37,21
OCc1cccc(O)c1,1169,36,7
CC(C)C(=O)C(=O)[O-],1104,36,5
CCCCCCCCC=CCCCCCCCC(=O)OCC(O)COP(=O)(O)O,2546,35,21
OC[C@H]1O[C@H](O[C@@H]2[C@@H](CO)O[C@H](O[C@@H]3[C@@H](CO)OC(O)[C@H](O)[C@H]3O)[C@H](O)[C@H]2O)[C@H](O)[C@@H](O)[C@@H]1O,2247,35,18
Nc1ncnc2c1ncn2[C@@H]1O[C@H](COP(=O)(O)OP(=O)(O)OC[C@H]2O[C@@H](O)[C@H](O)[C@@H]2O)[C@@H](O)[C@H]1O,2506,35,15
[NH3+]CCCC[NH2+]CCC[NH3+],345,35,7
CC(=O)N[C@@H](Cc1ccccc1)C(=O)[O-],1528,35,11
O=C(COP(=O)([O-])[O-])[C@@H](O)[C@H](O)[C@H](O)[C@H](O)COP(=O)([O-])[O-],2529,34,7
O=C(OP(=O)([O-])[O-])[C@H](O)COP(=O)([O-])[O-],2166,34,3
NC(CCC(=O)NC(CS)C(=O)NCC(=O)O)C(=O)O,2776,34,10
NC(C(=O)O)C(O)COP(=O)(O)O,3381,33,4
NCCc1ccccc1,304,33,8
O=C([O-])c1ccc[n+]([C@@H]2O[C@H](COP(=O)([O-])[O-])[C@@H](O)[C@H]2O)c1,2420,33,11
[NH3+][C@@H](Cc1c[nH]c2ccccc12)C(=O)[O-],2152,33,11
O=C([O-])/C=C/c1ccc(O)cc1,1429,33,9
[NH3+][C@@H](CCOP(=O)([O-])[O-])C(=O)[O-],3050,33,4
CCCCCCCCCCCCCCCC(=O)OC[C@@H](O)COP(=O)([O-])[O-],2488,33,19
CCCCCCC=CCCCCCCCC(=O)OCC(O)COP(=O)(O)O,2546,33,19
Cc1cn(C2CC(OP(=O)(O)O)C(CO)O2)c(=O)[nH]c1=O,2401,32,10
O=C([O-])C[C@H](C(=O)[O-])[C@H](O)C(=O)[O-],2011,32,6
CCCO,479,32,3
N[C@H](CCC(=O)OP(=O)(O)O)C(=O)O,2988,31,5
O=CCc1cnc[nH]1,140,31,5
CCCC(=O)[O-],700,31,4
O=c1[nH]cc([C@@H]2O[C@H](COP(=O)([O-])[O-])[C@@H](O)[C@H]2O)c(=O)[nH]1,2155,31,9
CC(=O)N[C@@H](Cc1ccc(O)cc1)C(=O)O,1872,30,11
O=c1[nH]cc([C@@H]2O[C@H](CO)[C@@H](O)[C@H]2O)c(=O)[nH]1,1378,30,9
CC(=O)N[C@@H](CCC(=O)OP(=O)([O-])[O-])C(=O)[O-],2751,30,7
Nc1nc2c(c(=O)[nH]1)N1CN(c3ccc(C(=O)N[C@@H](CCC(=O)[O-])C(=O)[O-])cc3)C[C@H]1CN2,1585,30,20
O=C(O)c1ccccc1O,1388,30,7
CC(C=O)C(=O)[O-],973,29,4
[NH3+]CCc1c[nH]cn1,342,29,5
Nc1ncnc2c1ncn2[C@@H]1O[C@H](COP(=O)([O-])OP(=O)([O-])OC[C@H]2O[C@H](OP(=O)([O-])[O-])[C@H](O)[C@@H]2O)[C@@H](O)[C@H]1O,2665,29,15
CCCCCCCCCCCCCC(=O)O,1022,29,14
O=Cc1ccccc1,182,29,7
CCCCCC(=O)SCCNC(=O)CCNC(=O)C(O)C(C)(C)COP(=O)(O)OP(=O)(O)OCC1OC(n2cnc3c(N)ncnc32)C(O)C1OP(=O)(O)O,3266,28,27
OCCc1ccccc1,505,28,8
O=C[O-],119,28,1
O=P([O-])([O-])OC(CO)CO,1942,28,3
O=C[C@@H](O)[C@H](O)COP(=O)(O)O,2405,28,4
CC(C)[C@@H]([NH3+])C(=O)[O-],1115,28,5
CC(C)C(C(=O)[O-])C(O)C(=O)[O-],1104,27,7
[NH3+][C@@H](COP(=O)([O-])OCC(O)CO)C(=O)[O-],3296,27,6
Nc1ccccc1C(=O)[O-],612,27,7
[NH3+][C@@H](CC(=O)OP(=O)([O-])[O-])C(=O)[O-],2978,27,4
CCCCCC(=O)[O-],715,27,6
Nc1ncnc2c1ncn2[C@@H]1O[C@H](CO)[C@@H](O)[C@H]1OP(=O)([O-])[O-],2332,27,10
CCC=O,172,27,3
CC(O)CC(=O)O,1628,26,4
CCCC(=O)SCCNC(=O)CCNC(=O)[C@H](O)C(C)(C)COP(=O)([O-])OP(=O)([O-])OC[C@H]1O[C@@H](n2cnc3c(N)ncnc32)[C@H](O)[C@@H]1OP(=O)([O-])[O-],3204,26,25
CC(C)(COP(=O)([O-])[O-])[C@@H](O)C(=O)NCCC(=O)[O-],3022,26,9
O=C([O-])C[C@H](C(=O)[O-])C(=O)C(=O)[O-],2011,26,6
COc1c(O)c(C)c(CC=C(C)CCC=C(C)CCC=C(C)CCC=C(C)CCC=C(C)CCC=C(C)C)c(O)c1OC,1018,25,39
Nc1nc2c(c(=O)[nH]1)N=C([C@H](O)[C@H](O)COP(=O)([O-])[O-])CN2,2299,25,9
O=c1ccn(C2OC(CO)C3OP(=O)(O)OC32)c(=O)[nH]1,1892,25,9
OC[C@H]1O[C@H](OC[C@H]2OC(O)[C@H](O)[C@@H](O)[C@@H]2O)[C@H](O)[C@@H](O)[C@@H]1O,2254,25,12
CCCCCCCCCCCCCCCC(O)C(N)COP(=O)(O)O,2569,25,18
CCCCCCCC(=O)[O-],722,24,8
CCCCCCCCCCCCCC[C@@H](O)[C@H](O)[C@@H](N)CO,1844,24,18
COC1=C(OC)C(=O)C(CC=C(C)CCC=C(C)CCC=C(C)CCC=C(C)CCC=C(C)CCC=C(C)C)=C(C)C1=O,641,24,39
Cc1ncc(CO)c(C=O)c1O,1613,24,8
Cc1cc2nc3c(=O)[nH]c(=O)nc-3n(CC(O)C(O)C(O)COP(=O)(O)OP(=O)(O)OCC3OC(n4cnc5c(N)ncnc54)C(O)C3O)c2cc1C,1566,24,27
CCCCCCCCCCCC(=O)[O-],722,24,12
O=C(COP(=O)(O)O)[C@@H](O)[C@H](O)[C@H](O)COP(=O)(O)O,1542,24,6
O=c1[nH]c(=O)c2[nH]cnc2[nH]1,361,24,5
O=C(O)CCC(O)C(=O)O,2040,23,5
OC[C@H]1O[C@H](OC[C@H]2O[C@](O)(CO)[C@@H](O)[C@@H]2O)[C@H](O)[C@@H](O)[C@@H]1O,2154,23,12
Oc1ccccc1,544,23,6
O=C([O-])/C=C/c1ccc(O)c(O)c1,1728,23,9
CC(O)(CCOP(=O)(O)OP(=O)(O)O)CC(=O)O,2664,23,6
CCCCCCCC/C=C\CCCCCCCC(=O)O[C@H](COC(=O)CCCCCCCCCCCCCCC)COP(=O)(O)OP(=O)(O)O,544,22,37
N=C(N)NCCCC(N)C(=O)O,1399,22,6
CCCCCCCCCCCCCCCCCCCCCCCCCC(=O)[O-],1023,22,26
Nc1ccccc1C(=O)CC(=O)C(=O)[O-],2540,22,10
C[C@@H](OP(=O)([O-])[O-])[C@H]([NH3+])C(=O)[O-],2566,22,4
O=C(O)C(=O)Cc1c[nH]c2ccccc12,2333,22,11
Nc1c(NC[C@H](O)[C@H](O)[C@H](O)COP(=O)([O-])[O-])[nH]c(=O)[nH]c1=O,2259,21,9
CC(=O)NCCCC(=O)[O-],1453,21,6
[NH3+][C@@H](CC=O)C(=O)[O-],1311,21,4
CCCCCCCC/C=C\CCCCCCCC(=O)OC[C@@H](O)COP(=O)([O-])OC[C@H]([NH3+])C(=O)[O-],3361,21,24
O=C(O)/C=C\c1ccccc1,677,21,9
CC(C)[C@H](C(=O)[O-])C(=O)C(=O)[O-],1510,21,7
C[C@](O)(CCO)CC(=O)[O-],1852,21,6
Nc1ccn(C2O[C@H](CO)[C@H]3OP(=O)(O)O[C@@H]23)c(=O)n1,1932,21,9
O=CCc1ccc(O)cc1,816,21,8
[NH3+][C@H](CCS)C(=O)[O-],1853,21,4
O=C(O)CCC(C(=O)O)C(O)C(=O)O,2140,21,7
CC(C)(CO)C(O)C(=O)NCCC(=O)O,2310,21,9
Cc1ncc(COP(=O)(O)O)c(C=O)c1O,1849,21,8
O=C([O-])c1cc(O)c2ccccc2n1,1798,21,10
OC[C@H](O)[C@H](O)[C@H](O)[C@@H](O)CO,1214,21,6
CC(C)=CCCC(C)C1CCC2C3=C(CCC21C)C1(C)CCC(O)C(C=O)C1CC3,1202,21,28
CC[C@H](O)C(=O)[O-],1807,20,4
OC[C@H]1O[C@@](CO)(O[C@H]2O[C@H](CO[C@H]3O[C@H](CO[C@H]4O[C@H](CO)[C@H](O)[C@H](O)[C@H]4O)[C@H](O)[C@H](O)[C@H]3O)[C@@H](O)[C@H](O)[C@H]2O)[C@@H](O)[C@@H]1O,1899,20,24
Nc1c(O)cccc1C(=O)CC(N)C(=O)O,3017,20,10
Nc1nc2c(c(=O)[nH]1)N=C([C@H](O)[C@@H](O)CO)CN2,1414,20,9
CC(=O)NCCC[NH2+]CCCC[NH3+],494,20,9
NCCOP(=O)(O)OCC(O)CO,2540,20,5
CCCCCCCCCCCCCCCCCCCCCCCC(=O)[O-],1023,20,24
CC[C@@H](C)C(=O)O,701,20,5
Nc1c(NC[C@H](O)[C@H](O)[C@H](O)CO)[nH]c(=O)[nH]c1=O,1398,19,9
CC(=O)NCCCCNCCCN,506,19,9
CCCCCCCCCCCCCCCC(=O)SCCNC(=O)CCNC(=O)C(O)C(C)(C)COP(=O)(O)OP(=O)(O)OCC1OC(n2cnc3c(N)ncnc32)C(O)C1OP(=O)(O)O,3258,19,37
O=C([O-])COP(=O)([O-])[O-],1565,19,2
CC(=O)NC(CCCCN)C(=O)O,1904,19,8
C[N+](C)(C)CCOP(=O)([O-])[O-],1137,19,5
O=C([O-])[C@@H]1CCC[NH2+]1,1164,19,5
CC(=O)NCCC[NH2+]CCCC[NH2+]CCC[NH3+],500,19,12
CC(C)CCO,562,19,5
CCCCCCCCCCCCCCCC(=O)OCC(O)COP(=O)([O-])OCC([NH3+])C(=O)[O-],3099,19,22
O=C([O-])/C=C/C(=O)[O-],766,19,4
CCCCCCCC/C=C\CCCCCCCC(=O)OC(COC(=O)CCCCCCCCCCCCCCC)COP(=O)(O)OC[C@H](N)C(=O)O,2986,19,40
O=C(O)CCC(C(=O)O)C(=O)C(=O)O,1097,19,7
O=C([O-])CNC(=O)[C@H](CS)NC(=O)CCC(=O)C(=O)[O-],1894,18,10
O=C[C@@H](O)[C@@H](O)[C@H](O)[C@@H](O)C(=O)O,1750,18,6
CCCCCCCCC=CCCCCCCCC(=O)OCC(O)COP(=O)([O-])OCC[N+](C)(C)C,2208,18,26
CCCCCCCC/C=C\CCCCCCCC(=O)OC[C@H](COP(=O)([O-])OC[C@H]([NH3+])C(=O)[O-])OC(=O)CCCCCCC/C=C\CCCCCCCC,2986,18,42
Nc1c(O)cccc1C(=O)[O-],1898,18,7
C[C@H](CO)C(=O)[O-],1202,18,4
Cc1ncc(CO)c(C[NH3+])c1O,1500,18,8
O=C([O-])[C@@H](COP(=O)([O-])[O-])OP(=O)([O-])[O-],2259,18,3
CCCCCCCCCC(=O)SCCNC(=O)CCNC(=O)[C@H](O)C(C)(C)COP(=O)([O-])OP(=O)([O-])OC[C@H]1O[C@@H](n2cnc3c(N)ncnc32)[C@H](O)[C@@H]1OP(=O)([O-])[O-],3258,18,31
Cc1ncc(COP(=O)(O)O)c(CN)c1O,1915,18,8
Oc1ccc(O)cc1,643,18,6
CCCCCCCCCCCCCCCCCC(=O)OCC(O)COP(=O)(O)OCC(N)C(=O)O,3357,18,24
CCCCCCCC(=O)SCCNC(=O)CCNC(=O)[C@H](O)C(C)(C)COP(=O)([O-])OP(=O)([O-])OC[C@H]1O[C@@H](n2cnc3c(N)ncnc32)[C@H](O)[C@@H]1OP(=O)([O-])[O-],3258,18,29
OCCO,626,18,2
Nc1ncnc2c1ncn2C1OC(COP(=O)(O)OP(=O)(O)OCC2OC([n+]3cccc(C(=O)O)c3)C(O)C2O)C(O)C1O,2269,17,21
[NH3+][C@H](CCSC[C@H]([NH3+])C(=O)[O-])C(=O)[O-],2324,17,7
O=C(O)C(O)Cc1ccc(O)cc1,2641,17,9
CCCC(O)CC(=O)SCCNC(=O)CCNC(=O)C(O)C(C)(C)COP(=O)([O-])OP(=O)([O-])OCC1OC(n2cnc3c(N)ncnc32)C(O)C1OP(=O)([O-])[O-],3293,17,27
CCCCCCC=CCCCCCCCC(=O)OCC(COP(=O)([O-])OCC[NH3+])OC(=O)CCCCCCCC=CCCCCCC,1541,17,37
C[C@H](O)CC(=O)SCCN=C(O)CCN=C(O)C(O)C(C)(C)COP(=O)(O)OP(=O)(O)OC[C@H]1O[C@@H](n2cnc3c(N)ncnc32)[C@H](O)[C@@H]1OP(=O)(O)O,3274,17,25
[NH3+][C@@H](Cc1c[nH]cn1)C(=O)[O-],1992,17,6
CC(=O)Oc1ccccc1,256,17,8
COc1cc(C(=O)[O-])ccc1O,1644,17,8
CCCCCC/C=C\CCCCCCCC(=O)OC[C@H](COP(=O)([O-])OC[C@H]([NH3+])C(=O)[O-])OC(=O)CCCCCCC/C=C\CCCCCC,2161,17,38
O=C(O)[C@H](O)[C@@H](O)COP(=O)(O)O,2977,17,4
O=C(O)c1cc(O)c(O)c(O)c1,1639,17,7
O=C([O-])c1cccnc1,276,17,6
CCCCCC/C=C\CCCCCCCC(=O)OC[C@@H](O)COP(=O)(O)OC[C@H](N)C(=O)O,1685,17,22
C=C(OC1C=C(C(=O)O)C=CC1O)C(=O)O,1351,17,10
O=C(CO)[C@@H](O[C@H]1O[C@H](CO)[C@@H](O)[C@H](O)[C@H]1O)[C@H](O)[C@H](O)CO,2354,16,12
CCCCCCC=CCCCCCCCC(=O)OCC(COP(=O)(O)OCC(O)COP(=O)(O)OCC(COC(=O)CCCCCCCCCCCCCCC)OC(=O)CCCCCCCC=CCCCCCCCC)OC(=O)CCCCCCCC=CCCCCCC,2255,16,75
O=C1O[C@H](COP(=O)([O-])[O-])[C@@H](O)[C@H](O)[C@H]1O,2536,16,6
CC(C)=CCC[C@@H](C)[C@H]1CC[C@H]2C3=C(CC[C@@]21C)[C@@]1(C)CC[C@H](O)[C@@H](CO)[C@@H]1CC3,1503,16,28
CO[C@@H]1O[C@H](CO)[C@H](O)[C@H](O)[C@H]1O,1797,16,7
CCCCCCCCCCCCCCCCCC(=O)SCCNC(=O)CCNC(=O)[C@H](O)C(C)(C)COP(=O)([O-])OP(=O)([O-])OC[C@H]1O[C@@H](n2cnc3c(N)ncnc32)[C@H](O)[C@@H]1OP(=O)([O-])[O-],3258,16,39
O=P([O-])(OC[C@H](O)CO)O[C@H]1[C@H](O)[C@@H](O)[C@H](O)[C@@H](O)[C@H]1O,2270,16,9
CCCCCCCCCCCC(=O)SCCNC(=O)CCNC(=O)[C@H](O)C(C)(C)COP(=O)([O-])OP(=O)([O-])OC[C@H]1O[C@@H](n2cnc3c(N)ncnc32)[C@H](O)[C@@H]1OP(=O)([O-])[O-],3258,16,33
O=C([O-])O,166,15,1
O=C(O)C(=O)C(O)COP(=O)(O)O,3215,15,4
O=C([O-])[C@@H]1C[C@@H](O)C[NH2+]1,2022,15,5
O=C([O-])[C@H]1OC(O)[C@@H](O)[C@H](O)[C@H]1O,2388,15,6
CC(=O)NC(CO)C(=O)O,2032,15,5
O=C([O-])c1cc(O)c2cccc(O)c2n1,1847,15,10
Cc1ccccc1,52,15,7
O=C1O[C@@H](CO)[C@H](O)[C@H]1O,1822,15,5
C[N+](C)(C)CC(O)CC(=O)[O-],970,15,7
CCCC=CC=O,229,15,6
O=C([O-])c1cc(=O)[nH]c(=O)[nH]1,554,15,5
N=c1nc(O)c2c([nH]1)NCC(CNc1ccc(C(=O)NC(CCC(O)=NC(CCC(O)=NC(CCC(=O)O)C(=O)O)C(=O)O)C(=O)O)cc1)N2,2393,15,29
CCCC(O)CC(=O)O,1873,15,6
O=C1O[C@H]([C@@H](O)CO)C(=O)C1=O,1966,15,6
[NH3+]CCC[NH2+]CCCC[NH2+]CCC[NH3+],342,15,10
O[C@H]1[C@H](O)[C@@H](O)[C@@H]2OC[C@H]1O2,1520,15,6
CSC[C@H]1O[C@@H](n2cnc3c(N)ncnc32)[C@H](O)[C@@H]1O,1633,15,11
NC(CS)C(=O)NCC(=O)[O-],2219,15,5
[NH2+]=C(NCCC[C@H]([NH3+])C(=O)[O-])NP(=O)([O-])[O-],2553,15,6
CCC(=O)SCCNC(=O)CCNC(=O)C(O)C(C)(C)COP(=O)(O)OP(=O)(O)OCC1OC(n2cnc3c(N)ncnc32)C(O)C1OP(=O)(O)O,3233,14,24
O=C1O[C@H]([C@@H](O)CO)C([O-])=C1O,1814,14,6
CC(C)=CCCC(C)=CCCC(C)=CC=O,525,14,15
CCCCCC=O,281,14,6
NC(=O)c1cccnc1,112,14,6
COC1=C(O)C(=O)C(C)=C(CC=C(C)CCC=C(C)CCC=C(C)CCC=C(C)CCC=C(C)CCC=C(C)C)C1=O,1156,14,38
C[C@@](O)(CC(=O)C(=O)[O-])C(=O)[O-],2028,14,6
CCCCCC/C=C/CCCCCCCC(=O)OC[C@@H](O)COP(=O)([O-])OCC[N+](C)(C)C,1961,14,24
O=C1O[C@H]([C@H](O)CO)[C@H](O)[C@@H]1O,1883,14,6
[NH3+]CC=O,319,14,2
C[C@H](C[NH3+])C(=O)[O-],1178,14,4
OC[C@@H](O)C(O)[C@H](O)CO,1223,14,5
C[N+](C)(C)CCOP(=O)([O-])OC[C@H](O)CO,2129,14,8
Cc1c[nH]c(=O)[nH]c1=O,254,14,5
CC(C)(COP(=O)([O-])OP(=O)([O-])OC[C@H]1O[C@@H](n2cnc3c(N)ncnc32)[C@H](O)[C@@H]1OP(=O)([O-])[O-])[C@@H](O)C(=O)NCCC(=O)NCCSC(=O)CCC(=O)[O-],3676,14,25
CCCCCCO,657,14,6
OCc1ccccc1,301,14,7
[NH3+]CCCCC[NH3+],322,14,5
CCCCO,559,13,4
CC(=O)NC(CS)C(=O)O,1766,13,5
CC(N)=O,70,13,2
O=Cc1ccccc1O,811,13,7
CCCCCCCCC[C@H](O)CC(=O)SCCNC(=O)CCNC(=O)C(O)C(C)(C)COP(=O)(O)OP(=O)(O)OC[C@H]1O[C@@H](n2cnc3c(N)ncnc32)[C@H](O)[C@@H]1OP(=O)(O)O,3306,13,33
CC(=O)Oc1ccc(O)cc1,772,13,8
CCCCCCCCCCCCCC(=O)SCCNC(=O)CCNC(=O)[C@H](O)C(C)(C)COP(=O)([O-])OP(=O)([O-])OC[C@H]1O[C@@H](n2cnc3c(N)ncnc32)[C@H](O)[C@@H]1OP(=O)([O-])[O-],3258,13,35
NC(=O)OP(=O)([O-])[O-],1243,13,1
CCCCCCCCCCCCCCCC(=O)OCC(O)COP(=O)(O)OCC[N+](C)(C)C,2165,13,24
CC(=O)CC(=O)[O-],1019,13,4
CCC/C=C/C(=O)SCCNC(=O)CCNC(=O)C(O)C(C)(C)COP(=O)(O)OP(=O)(O)OC[C@H]1O[C@@H](n2cnc3c(N)ncnc32)[C@H](O)[C@@H]1OP(=O)(O)O,3238,13,27
CCCCCCCCC[C@@H](O)CC(=O)O,1834,12,12
CC(=O)N[C@@H](C)C(=O)O,298,12,5
CCCCCCCC=O,322,12,8
CC(C)CC=O,180,12,5
O=C([O-])C(=O)COP(=O)([O-])[O-],2080,12,3
CCCCCCCCCCCCCCCCCC(=O)OC[C@@H](O)COP(=O)([O-])OCC[N+](C)(C)C,1914,12,26
[NH3+][C@@H](CCC(=O)N[C@@H](CS)C(=O)[O-])C(=O)[O-],2773,12,8
CCCCCCCCCCCCCCCCCCCC(=O)O,1023,12,20
CCCCCCCCCCCCCCCCCCCCCCCCCC(=O)N[C@@H](COP(=O)([O-])O[C@H]1[C@H](O)[C@@H](O)[C@H](O)[C@@H](O)[C@H]1O)[C@H](O)[C@H](O)CCCCCCCCCCCCCC,2437,12,50
CSCC[C@H](NC(C)=O)C(=O)[O-],1555,12,7
C[C@H](O)C=O,372,12,3
CC(C)(CO)[C@@H](O)C(=O)[O-],1778,12,6
C[S+](CCC[NH3+])C[C@H]1O[C@@H](n2cnc3c(N)ncnc32)[C@H](O)[C@@H]1O,2080,12,14
NCCCCCNCCCN,343,12,8
CN1c2c(nc(N)[nH]c2=O)NC[C@@H]1CNc1ccc(C(=O)N[C@@H](CCC(=O)[O-])C(=O)[O-])cc1,1717,12,20
CC(C)(CO)C(=O)C(=O)[O-],1994,11,6
CCCCCCC[C@@H](O)CC(=O)[O-],1834,11,10
COc1cc(C=O)ccc1O,1037,11,8
CCCCC[C@@H](O)CC(=O)[O-],1834,11,8
CC(C)=CCC[C@H](C)[C@@H]1CC[C@H]2C3=C(CC[C@]12C)[C@@]1(C)CC[C@H](O)[C@@](C)(C(=O)O)[C@H]1CC3,1867,11,29
CCCCCCCCCCCCCC[C@@H](O)[C@H](O)[C@H](N)COP(=O)(O)O,2722,11,18
CCOC(=O)c1ccccc1,94,11,9
NCC(O)CCC(N)C(=O)O,2578,11,6
CC(=O)C=O,168,11,3
CCCCCCC=CCCCCCCCC(=O)OC(COC(=O)CCCCCCCCCCCCCCC)COP(=O)(O)OCC(N)C(=O)O,2986,11,38
Nc1nc2c(c(=O)[nH]1)N=C(CNc1ccc(C(=O)N[C@@H](CCC(=O)[O-])C(=O)[O-])cc1)CN2,1696,11,19
COc1ccccc1O,871,11,7
CC(C)C=O,46,11,4
CC[C@H](C)C=O,160,11,5
CCCCCCCCCCCCCCCCCCCCCCCC(=O)NC(COP(=O)(O)OC1C(O)C(O)C(O)C(O)C1O)C(O)C(O)CCCCCCCCCCCCCC,2437,11,48
CCCCCCCCCCCCCCCCCCCCCC(=O)[O-],723,11,22
O=C([O-])C(=O)[O-],491,11,2
CCCCCCCCCCCCCCCC=O,322,11,16
O=C([O-])[C@@H]1CCC=N1,596,10,5
Nc1nc2c(c(=O)[nH]1)NC(CNc1ccc(C(=O)NC(CCC(=O)NC(CCC(=O)O)C(=O)O)C(=O)O)cc1)CN2,1361,10,24
O=C([O-])CC(O)(CC(=O)[O-])C(=O)[O-],1320,10,6
CCCCCC/C=C\CCCCCCCC(=O)SCCN=C(O)CCN=C(O)[C@H](O)C(C)(C)COP(=O)(O)OP(=O)(O)OC[C@H]1O[C@@H](n2cnc3c(N)ncnc32)C(O)C1OP(=O)(O)O,3247,10,37
CCCCCCCCC=CCCCCCCCC(=O)OC(COC(=O)CCCCCCCCCCCCCCCCC)COP(=O)(O)OCC(N)C(=O)O,2986,10,42
O=C([O-])[C@@H](O)[C@H](O)[C@H](O)C(=O)CO,2416,10,6
CC(N)C(=O)CCCCCC(=O)[O-],1208,10,9
CCCCCC/C=C\CCCCCCCC(=O)O[C@H](COC(=O)CCCCCCC/C=C\CCCCCCCC)COP(=O)([O-])OCC[NH3+],1541,10,39
CC[C@@H](C)CO,371,10,5
[NH3+][C@@H](CCOC(=O)CCC(=O)[O-])C(=O)[O-],2469,10,8
CCCCCCC=O,322,10,7
O=C1CCC(C(=O)O)N1,1855,10,5
O=CNCC(=O)NC1OC(COP(=O)(O)O)C(O)C1O,2311,10,8
CCCCCCCCCCC/C=C/C(=O)SCCNC(=O)CCNC(=O)[C@H](O)C(C)(C)COP(=O)([O-])OP(=O)([O-])OC[C@H]1O[C@@H](n2cnc3c(N)ncnc32)[C@H](O)[C@@H]1OP(=O)([O-])[O-],3256,10,35
CCCCCC/C=C\CCCCCCCC(=O)OC[C@H](CO)OC(=O)CCCCCCC/C=C\CCCCCCCC,1301,10,37
NCCS,411,10,2
CCCCCCCCCC=O,322,10,10
C[C@H](NC(=O)CC[C@H](N)C(=O)O)C(=O)O,2499,10,8
CC(C)CO,285,10,4
CC(N)C(N)CCCCCC(=O)O,1364,10,9
Nc1ccn([C@@H]2O[C@@H]3COP(=O)([O-])O[C@H]3[C@H]2O)c(=O)n1,2027,10,9
CCCCCCC=CCCCCCCCC(=O)OCC(COP(=O)(O)OCC(O)COP(=O)(O)OCC(COC(=O)CCCCCCCCCCCCCCC)OC(=O)CCCCCCCC=CCCCCCC)OC(=O)CCCCCCCC=CCCCCCC,2255,10,73
CC(C)C(=O)O,513,10,4
Nc1nc2c([nH]c(=O)n2[C@H]2C[C@H](O)[C@@H](COP(=O)([O-])OP(=O)([O-])OP(=O)([O-])[O-])O2)c(=O)[nH]1,2317,10,10
CCCCCCCC/C=C\CCCCCCCC(=O)SCCNC(=O)CCNC(=O)[C@H](O)C(C)(C)COP(=O)([O-])OP(=O)([O-])OC[C@H]1O[C@@H](n2cnc3c(N)ncnc32)[C@H](O)[C@@H]1OP(=O)([O-])[O-],3240,10,39
Nc1nc2c([nH]c(=O)n2[C@H]2C[C@H](O)[C@@H](COP(=O)([O-])[O-])O2)c(=O)[nH]1,2280,10,10
CCc1ccc(O)cc1,573,10,8
O=C1C[C@@H](C(=O)[O-])NC(=O)N1,1554,9,5
CCCCCCCCCC(=O)CC(=O)O,1482,9,12
CCCCCC/C=C/CCCCCCCC(=O)OC[C@H](COP(=O)([O-])OCC[N+](C)(C)C)OC(=O)CCCCCCC/C=C/CCCCCC,1090,9,40
[NH3+][C@@H](C[SeH])C(=O)[O-],1389,9,3
CC(=O)OCC(N)C(=O)O,2084,9,5
Cn1cnc2[nH]c(N)nc(=O)c21,339,9,6
CC(=O)N[C@@H](CC(C)C)C(=O)[O-],1232,9,8
COc1cc(/C=C\C(=O)O)ccc1O,1866,9,10
CC(O)CO,1040,9,3
C[N+](C)(C)CCCC(=O)[O-],605,9,7
Nc1nc2c(ncn2C2OC(CO)C3OP(=O)(O)OC32)c(=O)[nH]1,1866,9,10
CC(C)(COP(=O)([O-])OP(=O)([O-])OC[C@H]1O[C@@H](n2cnc3c(N)ncnc32)[C@H](O)[C@@H]1OP(=O)([O-])[O-])[C@@H](O)C(=O)NCCC(=O)NCCSC(=O)CC(=O)[O-],3657,9,24
O=C([O-])/C=C(\CC(=O)[O-])C(=O)[O-],1227,9,6
C=C(C)C1CC=C(C=O)CC1,355,9,10
CC(C)=CCCC(C)C1CCC2C3=C(CCC21C)C1(C)CCC(O)CC1CC3,833,9,27
CCCCCCCCCCCCCCCCCCCC(=O)SCCNC(=O)CCNC(=O)C(O)C(C)(C)COP(=O)(O)OP(=O)(O)OCC1OC(n2cnc3c(N)ncnc32)C(O)C1OP(=O)(O)O,3258,9,41
CCCCCCCC(=O)CC(=O)O,849,9,10
CCCCCCCCCCCCCCCCCCCCCCCC(=O)SCCNC(=O)CCNC(=O)[C@H](O)C(C)(C)COP(=O)([O-])OP(=O)([O-])OC[C@H]1O[C@@H](n2cnc3c(N)ncnc32)[C@H](O)[C@@H]1OP(=O)([O-])[O-],3258,9,45
CC(C)=CCC/C(C)=C/CC/C(C)=C/CC/C(C)=C/CC/C(C)=C/CC/C(C)=C/Cc1cc(C(=O)[O-])cc(O)c1O,1815,9,37
O=C([O-])CC[C@@](O)(CC(=O)[O-])C(=O)[O-],1677,9,7
O=P([O-])([O-])O[C@@H]1C[C@H](O)[C@@H](CO)O1,2979,9,5
CCCCCCCC/C=C\CCCCCCCC(=O)OCC(COP(=O)(O)OCC[N+](C)(C)C)OC(=O)CCCCCCC/C=C\CCCCCCCC,1160,9,44
CCOC(=O)c1ccc(O)cc1,792,9,9
NC(N)=O,50,9,1
O=CCc1c[nH]c2ccccc12,121,9,10
CN1c2c(nc(N)[nH]c2=O)NC[C@@H]1CNc1ccc(C(=O)N[C@@H](CCC(=O)N[C@@H](CCC(=O)N[C@@H](CCC(=O)O)C(=O)O)C(=O)O)C(=O)O)cc1,1967,9,30
OC[C@]1(O)OC[C@H](O)[C@@H](O)[C@@H]1O,1827,9,6
CCCCCCCCCCCCC[C@H](O)CC(=O)SCCNC(=O)CCNC(=O)[C@H](O)C(C)(C)COP(=O)([O-])OP(=O)([O-])OC[C@H]1O[C@@H](n2cnc3c(N)ncnc32)[C@H](O)[C@@H]1OP(=O)([O-])[O-],3301,9,37
C[Se]CCC(N)C(=O)O,1508,9,5
CC(=O)C(N)C(=O)O,1551,9,4
CCCCC/C=C\C/C=C/CCCCCCCC(=O)O,1073,8,18
CCCCCCCCC/C=C/C(=O)SCCNC(=O)CCNC(=O)C(O)C(C)(C)COP(=O)(O)OP(=O)(O)OC[C@H]1O[C@@H](n2cnc3c(N)ncnc32)[C@H](O)[C@@H]1OP(=O)(O)O,3256,8,33
C[S+](C)CC[C@H]([NH3+])C(=O)[O-],2026,8,6
O=C([O-])Cc1c[nH]c2ccccc12,811,8,10
CCCCCCCCCCCC(O)CC(=O)SCCNC(=O)CCNC(=O)C(O)C(C)(C)COP(=O)(O)OP(=O)(O)OCC1OC(n2cnc3c(N)ncnc32)C(O)C1OP(=O)(O)O,3301,8,35
CC(C)C[C@H](NC(=O)[C@H](C)[NH3+])C(=O)[O-],1374,8,9
CCCCCCCCCCCCCCCCCCCCCCC(O)C(=O)NC(COP(=O)(O)OC1C(O)C(O)C(O)C(O)C1O)C(O)C(O)CCCCCCCCCCCCCC,2454,8,48
CCCCCC/C=C\CCCCCCCC(=O)OC[C@H](COP(=O)(O)OC[C@@H](O)COP(=O)(O)OC[C@@H](COC(=O)CCCCCCCCCCCCCCC)OC(=O)CCCCCCC/C=C\CCCCCCCC)OC(=O)CCCCCCC/C=C\CCCCCCCC,2255,8,77
COc1ccccc1,287,8,7
CCCCCCCC(O)CC(=O)SCCNC(=O)CCNC(=O)C(O)C(C)(C)COP(=O)(O)OP(=O)(O)OCC1OC(n2cnc3c(N)ncnc32)C(O)C1OP(=O)(O)O,3301,8,31
CC(=O)[C@@H](C)O,220,8,4
OCCc1ccc(O)cc1,1372,8,8
CCCCCCCCCCCCCCCCCCCCCCCCC(O)C(=O)N[C@@H](COP(=O)(O)O[C@H]1C(O)C(O)C(O)[C@@H](O)C1O[C@H]1O[C@H](CO)[C@@H](O)C(O)C1O)[C@H](O)[C@H](O)CCCCCCCCCCCCCC,2779,8,56
O[C@H]1OC[C@@H](O)[C@@H](O)[C@@H]1O,1991,8,5
CC(C)C(C)C=CC(C)C1CCC2C3=CC=C4CC(O)CCC4(C)C3CCC21C,755,8,28
NC(CC[SeH])C(=O)O,1603,8,4
CC(C)=CCC[C@@H](C)[C@H]1CC[C@H]2C3=C(CC[C@@]21C)[C@@]1(C)CCC(=O)CC1CC3,532,8,27
Nc1ncnc2c1ncn2C1OC(CO)C2OP(=O)(O)OC21,1849,8,10
O=C(O)C1OC(OP(=O)(O)OP(=O)(O)OCC2OC(n3ccc(=O)[nH]c3=O)C(O)C2O)C(O)C(O)C1O,2991,8,15
C[C@@H](C(=O)O)[C@@H](O)C(=O)O,1541,8,5
C=C(O[C@@H]1C=C(C(=O)[O-])C=C[C@H]1[NH3+])C(=O)[O-],717,8,10
CCCCCCCCCCCCCCCCCCCCCC(=O)SCCNC(=O)CCNC(=O)[C@H](O)C(C)(C)COP(=O)([O-])OP(=O)([O-])OC[C@H]1O[C@@H](n2cnc3c(N)ncnc32)[C@H](O)[C@@H]1OP(=O)([O-])[O-],3258,8,43
COc1cc(C(=O)[O-])cc(OC)c1O,1720,8,9
O=c1[nH]cnc2c1ncn2[C@@H]1O[C@@H]2COP(=O)([O-])O[C@H]2[C@H]1O,1928,8,10
CCCCCCCCCCCCCCCCCCCCCCCCCC(=O)SCCNC(=O)CCNC(=O)C(O)C(C)(C)COP(=O)(O)OP(=O)(O)OCC1OC(n2cnc3c(N)ncnc32)C(O)C1OP(=O)(O)O,3258,8,47
CC(C)=CCCC(C)C1CCC2C3=C(CCC21C)C1(C)CCC(=O)C(C)C1CC3,533,8,28
CC(=O)OCC[C@H]([NH3+])C(=O)[O-],2468,8,6
N[C@@H](C(=O)O)C(O)C(=O)O,2236,8,4
CC(C)=CCC/C(C)=C/CC/C(C)=C\C(=O)[O-],905,8,15
CC(=O)NCCC=O,289,8,5
CCCCCCCCCCCCCCCCCCCCCCCC[C@H](O)C(=O)N[C@@H](COP(=O)([O-])O[C@H]1[C@H](O)[C@@H](O)[C@H](O)[C@@H](O)[C@H]1O)[C@H](O)[C@H](O)CCCCCCCCCCCCCC,2454,8,50
CC(=O)N[C@H](Cc1c[nH]c2ccccc12)C(=O)[O-],1872,8,13
CC(C)(COP(=O)([O-])OP(=O)([O-])OC[C@H]1O[C@@H](n2cnc3c(N)ncnc32)[C@H](O)[C@@H]1OP(=O)([O-])[O-])[C@@H](O)C(=O)NCCC(=O)NCCSC(=O)C(=O)[O-],3664,8,23
C=C(CCC(C)C1CCC2C3=CC=C4CC(O)CCC4(C)C3CCC21C)C(C)C,795,8,28
CC(C)=CCC/C(C)=C\CC/C(C)=C\CO,723,8,15
C=CC(=O)[O-],471,8,3
C[C@H]([NH3+])C(=O)N[C@@H](CC(=O)[O-])C(=O)[O-],2004,8,7
NC(CC[Se]CC(N)C(=O)O)C(=O)O,1676,8,7
CCCCCCCCCCCCCCCCCCCCCCC(O)C(=O)NC(COP(=O)(O)OC1C(O)C(O)C(O)C(O)C1OC1OC(CO)C(O)C(O)C1O)C(O)C(O)CCCCCCCCCCCCCC,2779,8,54
O=P([O-])([O-])OC[C@H]1O[C@H](OP(=O)([O-])OP(=O)([O-])[O-])[C@H](O)[C@@H]1O,2802,8,5
C/C=C/C(=O)SCCNC(=O)CCNC(=O)[C@H](O)C(C)(C)COP(=O)([O-])OP(=O)([O-])OC[C@H]1O[C@@H](n2cnc3c(N)ncnc32)[C@H](O)[C@@H]1OP(=O)([O-])[O-],3236,8,25
O=C1O[C@H]([C@@H](O)CO)C(=O)[C@@H]1O,2063,8,6
Nc1nc2c(ncn2C2OC3COP(=O)(O)OC3C2O)c(=O)[nH]1,1951,7,10
CC(C)=CCCC(C)=CCCC(C)=CCCC(C)=CCCC(C)=CCCC(C)=CCc1cc(C(=O)O)ccc1O,1504,7,37
CC(C)=CCC[C@@H](C)[C@H]1CC[C@H]2C3=C(CC[C@@]21C)[C@@]1(C)CC[C@H](O)[C@@H](C)[C@@H]1CC3,839,7,28
CC(=O)NC(C(=O)O)C(C)C,297,7,7
CC(C)(COP(=O)(O)O)C(O)C(=O)NCCC(=O)NCCS,2580,7,11
CCCCCC(O)CC(=O)SCCNC(=O)CCNC(=O)[C@H](O)C(C)(C)COP(=O)([O-])OP(=O)([O-])OC[C@H]1O[C@@H](n2cnc3c(N)ncnc32)[C@H](O)[C@@H]1OP(=O)([O-])[O-],3299,7,29
C=C(CC[C@@H](C)[C@H]1CC[C@H]2C3=CC[C@H]4C[C@@H](O)CC[C@]4(C)[C@H]3CC[C@@]21C)C(C)C,779,7,28
NC(=O)NCCC[C@@H](N)C(=O)O,2021,7,6
CCCCCCCCCCCCCCCCCCCCCCCCCC(=O)N[C@@H](COP(=O)([O-])O[C@H]1[C@H](OC2O[C@H](CO)[C@@H](O)[C@H](O)[C@@H]2O)[C@@H](O)[C@H](O)[C@@H](O)[C@H]1O)[C@H](O)[C@H](O)CCCCCCCCCCCCCC,2762,7,56
CC(CCC[C@@H](C)[C@H]1CC[C@H]2[C@H]3[C@H](CC[C@@]21C)[C@@]1(C)CC[C@H](O)C[C@@H]1C[C@H]3O)C(=O)O,1965,7,27
NC(=O)N[C@H](CC(=O)O)C(=O)O,1592,7,5
CCc1ccccc1,20,7,8
[NH3+]CC(=O)NC1OC(COP(=O)([O-])[O-])C(O)C1O,2520,7,7
C[S+](CCC(=O)C(=O)O)CC1OC(n2cnc3c(N)ncnc32)C(O)C1O,2847,7,15
CCCCCCCCCCCCCCCCCCCCCCCC(=O)NC(COP(=O)(O)OC1C(O)C(O)C(O)C(O)C1OC1OC(CO)C(O)C(O)C1O)C(O)C(O)CCCCCCCCCCCCCC,2762,7,54
CCCCCCCCCCCCC/C=C/C(=O)SCCNC(=O)CCNC(=O)[C@H](O)C(C)(C)COP(=O)(O)OP(=O)(O)OC[C@H]1O[C@@H](n2cnc3c(N)ncnc32)C(O)[C@H]1OP(=O)(O)O,3256,7,37
N=C(CN=CO)NC1OC(COP(=O)(O)O)C(O)C1O,2208,7,8
CC(C=O)CCCC(C)C1CCC2C3C(O)CC4CC(O)CCC4(C)C3CCC12C,1371,7,27
Cc1ncc(CO)c(CO)c1O,1328,7,8
CCCCCCC=CCCCCCCCC(=O)OC(COC(=O)CCCCCCCC=CCCCCCCCC)COP(=O)(O)OCC(N)C(=O)O,2986,7,40
O=CC(O)C1OC(=O)C(O)C1O,1389,7,6
CCCCCCCCCCCCCC(=O)CC(=O)SCCNC(=O)CCNC(=O)[C@H](O)C(C)(C)COP(=O)([O-])OP(=O)([O-])OC[C@H]1O[C@@H](n2cnc3c(N)ncnc32)[C@H](O)[C@@H]1OP(=O)([O-])[O-],3446,7,37
CCCCCCC=CCCCCCCCC(=O)OC(CO)COP(=O)(O)OC1C(O)C(O)C(O)C(O)C1O,2114,7,25
CCCCCO,635,7,5
CCCCCC(=O)CC,359,7,8
CCCCCC/C=C\CCCCCCCC(=O)O[C@@H](CO)COC(=O)CCCCCCCCCCCCCCC,1302,7,35
CCCCCC(C)=O,391,7,7
CC(C)(COP(=O)([O-])[O-])[C@@H](O)C(=O)NCCC(=O)N[C@@H](CS)C(=O)[O-],3189,7,12
CCCC(=O)CC(=O)O,833,7,6
CSCCC(NC(=O)CN)C(=O)O,2499,7,7
Nc1ncnc2c1ncn2C1OC2COP(=O)(O)OC2C1O,1931,7,10
Cc1cccc(CO)c1,247,7,8
Cc1ccc(O)cc1,594,7,7
C=C(C)[C@H]1CC=C(C(=O)O)CC1,793,7,10
COc1ccc(C(=O)[O-])cc1,843,7,8
O=C([O-])[C@@H](O)[C@H](O)[C@H](O)[C@@H](O)C(=O)[O-],1487,7,6
O=C(O)c1cc(=O)[nH]c(=O)n1C1OC(COP(=O)(O)O)C(O)C1O,2369,7,10
OCc1cccc(Cl)c1,186,7,7
Nc1nc(=O)c2c([nH]1)NCC(CNc1ccc(C(=O)N[C@H](CCC(=O)O)C(=O)O)cc1)N2C=O,1705,7,20
O=Cc1cccc(Cl)c1,127,7,7
C[SeH],5,7,1
[NH3+]CCc1ccc(O)cc1,811,7,8
CCCCCCCC(C)=O,410,7,9
Nc1ccn([C@@H]2O[C@H](COP(=O)([O-])OP(=O)([O-])OCC[NH3+])[C@@H](O)[C@H]2O)c(=O)n1,2292,7,11
C[C@@H](N)C(=O)NCC(=O)O,1948,7,5
CCCCCC/C=C\CCCCCCCC(=O)OC[C@H](COP(=O)([O-])OCC[N+](C)(C)C)OC(=O)CCCCCCC/C=C\CCCCCCCC,1090,7,42
CCCCCC(=O)CC(=O)O,849,6,8
O=C1C=CC(=O)C=C1,118,6,6
CCCCCCCCCCCCCCCCCCCCCCCC(=O)N[C@@H](COP(=O)(O)O[C@H]1C(O)C(O)C(O)[C@@H](O)C1O[C@H]1O[C@H](CO)[C@@H](O)C(O)C1O)[C@H](O)CCCCCCCCCCCCCCC,2771,6,54
CCCCCCCCCCCCCCCCCCCCCCC(O)C(=O)NC(COP(=O)(O)OC1C(O)C(O)C(O)C(O)C1O)C(O)CCCCCCCCCCCCCCC,1804,6,48
Cc1ncc(C[n+]2csc(CCOP(=O)(O)OP(=O)([O-])O)c2C)c(N)n1,1416,6,12
CCCCCCCCCC(=O)CC(=O)SCCNC(=O)CCNC(=O)C(O)C(C)(C)COP(=O)(O)OP(=O)(O)OC[C@H]1O[C@@H](n2cnc3c(N)ncnc32)[C@H](O)[C@@H]1OP(=O)(O)O,3438,6,33
CCCCCCCCCCCCCCCCCCCCCCCC[C@H](O)C(=O)N[C@@H](COP(=O)([O-])O[C@H]1[C@H](O)[C@@H](O)[C@H](O)[C@@H](O)[C@H]1O)[C@H](O)CCCCCCCCCCCCCCC,2460,6,50
Nc1nc2c(ncn2[C@@H]2O[C@H](COP(=O)(O)OP(=O)(O)OP(=O)(O)OP(=O)(O)OC[C@H]3O[C@@H](n4cnc5c(N)ncnc54)[C@H](O)[C@@H]3O)[C@@H](O)[C@H]2O)c(=O)[nH]1,1385,6,20
CCCC(=O)OCC,185,6,6
Cc1cccc(O)c1,593,6,7
Nc1nc2c(c(=O)[nH]1)N[C@@H](CN(C=O)c1ccc(C(=O)N[C@@H](CCC(=O)O)C(=O)O)cc1)CN2,1710,6,20
CC(=O)C(C)(O)C(=O)O,1481,6,5
CCCCCCCCCCCCCCCCCCCCCCCC(O)C(O)C(=O)NC(COP(=O)([O-])OC1C(O)C(O)C(O)C(O)C1O)C(O)C(O)CCCCCCCCCCCCCC,2490,6,50
CCCCCCCCCCCC(=O)CC(=O)SCCNC(=O)CCNC(=O)C(O)C(C)(C)COP(=O)(O)OP(=O)(O)OCC1OC(n2cnc3c(N)ncnc32)C(O)C1OP(=O)(O)O,3438,6,35
CCCCCCCCCCCCCCCCCCCCCCCCCC(=O)NC(COP(=O)(O)OC1C(O)C(O)C(O)C(O)C1O)C(O)CCCCCCCCCCCCCCC,2443,6,50
C[Se]C[C@@H](N)C(=O)O,1263,6,4
CCCCCCCCCC(C)=O,410,6,11
C[n+]1cn(C2OC(COP(=O)(O)O)C(O)C2O)c2nc(N)[nH]c(=O)c21,2248,6,11
COc1cc(CC(=O)[O-])ccc1O,2192,6,9
CCCCCCCCCCCCCCCCCCCCCCCC(=O)N[C@@H](COP(=O)(O)O[C@H]1C(O)C(O)C(O)[C@@H](O)C1O)[C@H](O)CCCCCCCCCCCCCCC,2443,6,48
CCCCCCCCCCCCCCCCCCCCCCCCCC(=O)NC(COP(=O)(O)OC1C(O)C(O)C(O)C(O)C1OC1OC(CO)C(O)C(O)C1O)C(O)CCCCCCCCCCCCCCC,2321,6,56
NC(CCCCNC(CCC(=O)O)C(=O)O)C(=O)O,2292,6,11
CCCCCCCCCCCCCCCCCCCCCCC(O)C(=O)N[C@@H](COP(=O)(O)O[C@H]1C(O)C(O)C(O)[C@@H](O)C1O[C@H]1O[C@H](CO)[C@@H](O)C(O)C1O)[C@H](O)CCCCCCCCCCCCCCC,2788,6,54
CCCCCC(=O)OCC,195,6,8
NC(=O)CCCC[C@@H]1CCSS1,162,6,8
CC(C)[C@@](O)(CC(=O)[O-])C(=O)[O-],1626,6,7
Nc1nc2c(c(=O)[nH]1)[N+]1=CN(c3ccc(C(=O)N[C@@H](CCC(=O)[O-])C(=O)[O-])cc3)C[C@H]1CN2,1539,6,20
CCCCCCCCCCCCCCCCCCCCCC(O)C(O)C(=O)NC(COP(=O)(O)OC1C(O)C(O)C(O)C(O)C1OC1OC(CO)C(O)C(O)C1O)C(O)C(O)CCCCCCCCCCCCCC,2817,6,54
[NH3+][C@@H](C=O)C(=O)[O-],1435,6,3
CCCCCCCCCCCCCCCCCCCCCCCCC(O)C(=O)N[C@@H](COP(=O)(O)O[C@H]1C(O)C(O)C(O)[C@@H](O)C1O[C@H]1O[C@H](CO)[C@@H](O)C(O)C1O)[C@H](O)CCCCCCCCCCCCCCC,2788,6,56
CCCCCCCC(=O)CC(=O)SCCNC(=O)CCNC(=O)C(O)C(C)(C)COP(=O)(O)OP(=O)(O)OCC1OC(n2cnc3c(N)ncnc32)C(O)C1OP(=O)(O)O,3438,6,31
CC(C)c1ccc(CO)cc1,235,6,10
CCOC(=O)CCC(=O)O,808,6,6
O=CC[C@@H](O)[C@H](O)[C@H](O)COP(=O)(O)O,1470,6,6
CC(=O)C[NH3+],322,6,3
COc1cccc(OC)c1O,880,6,8
C=CC=O,15,6,3
NC(CS(=O)(=O)O)C(=O)[O-],1651,6,3
C=CC(=O)CCCCC,305,6,8
Nc1nc2c(c(=O)[nH]1)N=C([C@H](O)[C@@H](O)COP(=O)([O-])OP(=O)([O-])OP(=O)([O-])[O-])CN2,2305,6,9
NC(=O)CCCCC(S)CCS,277,6,8
O=C([O-])C1=C[C@@H](O)[C@@H](O)[C@H](O)C1,2002,6,7
CCCCCCCC=CC(=O)SCCNC(=O)CCNC(=O)C(O)C(C)(C)COP(=O)(O)OP(=O)(O)OCC1OC(n2cnc3c(N)ncnc32)C(O)C1OP(=O)(O)O,3256,6,31
CCCCCCCCCCCCCCCCCCCCC[C@@H](O)[C@H](O)C(=O)N[C@@H](COP(=O)([O-])O[C@H]1[C@H](O)[C@@H](O)[C@H](O)[C@@H](O)[C@H]1O)[C@H](O)[C@@H](O)CCCCCCCCCCCCCC,2490,6,48
O=C([O-])C1=CC(=O)[C@@H](O)[C@H](O)C1,2393,6,7
N=C(CC(=O)O)C(=O)O,1106,6,4
CCCCCC/C=C\CCCCCCCC(=O)OC[C@H](COP(=O)(O)OC[C@H](N)C(=O)O)OC(=O)CCCCCCC/C=C\CCCCCCCC,1305,6,40
CSCCC=O,245,6,4
CCCCCCCCCCCCCCCCCCCCCCC[C@@H](O)[C@H](O)C(=O)N[C@@H](COP(=O)([O-])O[C@H]1[C@H](OC2O[C@H](CO)[C@@H](O)[C@H](O)[C@@H]2O)[C@@H](O)[C@H](O)[C@@H](O)[C@H]1O)[C@H](O)[C@H](O)CCCCCCCCCCCCCC,2817,6,56
CCCCCCC=CCCCCCCCC(=O)OC(CO)COC(=O)CCCCCCCC=CCCCCCCCC,1301,6,37
O=P(O)(O)OCC1OC(O)CC1O,2888,5,5
CCCCCC/C=C\CCCCCCCC(=O)O[C@H](COC(=O)CCCCCCCCCCCCCCC)COP(=O)([O-])[O-],1295,5,35
O=C(O)[C@H]1C[C@H](O)C=N1,1394,5,5
Cc1ccc(C=O)cc1,207,5,8
COc1ccccc1OC,361,5,8
O=CCc1c[nH]c2ccc(O)cc12,1064,5,10
Nc1ccc(C(=O)[O-])cc1,328,5,7
CCCCCCCCCCCCCCCCCCCCC/C=C/C(=O)SCCNC(=O)CCNC(=O)[C@H](O)C(C)(C)COP(=O)([O-])OP(=O)([O-])OC[C@H]1O[C@@H](n2cnc3c(N)ncnc32)[C@H](O)[C@@H]1OP(=O)([O-])[O-],3264,5,45
NCCC(=O)NC(Cc1cnc[nH]1)C(=O)O,2055,5,9
CCCCCCCCCCCCCCCC(=O)OC[C@@H](O)COP(=O)(O)O[C@H]1C(O)C(O)C(O)[C@@H](O)C1O,2482,5,25
CCCCCC/C=C\CCCCCCCC(=O)O[C@H](CO)COC(=O)CCCCCCCCCCCCCCCCC,1302,5,37
CC(C)c1ccc(C=O)cc1,162,5,10
O=C(O)CNC(=O)Cc1ccccc1,1874,5,10
NCCS(=O)(=O)O,334,5,2
CCOC(=O)c1ccccc1O,844,5,9
NC(=O)NC(NC(N)=O)C(=O)[O-],643,5,4
Cc1cccc(C=O)c1,207,5,8
CCCCCCCCCCCCCCCCCCCCCCC[C@@H](O)CC(=O)SCCNC(=O)CCNC(=O)[C@H](O)C(C)(C)COP(=O)([O-])OP(=O)([O-])OC[C@H]1O[C@@H](n2cnc3c(N)ncnc32)[C@H](O)[C@@H]1OP(=O)([O-])[O-],3301,5,47
CC(C)(COP(=O)(O)OP(=O)(O)OC[C@H]1O[C@@H](n2cnc3c(N)ncnc32)[C@@H](O)C1OP(=O)(O)O)[C@@H](O)C(=O)NCCC(=O)NCCSC(=O)c1ccc(O)cc1,3671,5,28
COc1cc(C=O)cc(OC)c1O,1065,5,9
CCCCCCCCC=CCCCC(=O)SCCNC(=O)CCNC(=O)C(O)C(C)(C)COP(=O)(O)OP(=O)(O)OCC1OC(n2cnc3c(N)ncnc32)C(O)C1OP(=O)(O)O,3240,5,35
CCCCCCCCC=CC=CCC(=O)SCCNC(=O)CCNC(=O)C(O)C(C)(C)COP(=O)(O)OP(=O)(O)OCC1OC(n2cnc3c(N)ncnc32)C(O)C1OP(=O)(O)O,3236,5,35
CCCCCCCCCCCCCCC/C=C/C(=O)SCCNC(=O)CCNC(=O)[C@H](O)C(C)(C)COP(=O)(O)OP(=O)(O)OC[C@H]1O[C@@H](n2cnc3c(N)ncnc32)C(O)[C@H]1OP(=O)(O)O,3256,5,39
O=C([O-])[C@@H](O)[C@@H](O)C(=O)[O-],1441,5,4
CCCCCC/C=C\CCCCCCCC(=O)O[C@H](COC(=O)CCCCCCC/C=C\CCCCCCCC)COP(=O)([O-])[O-],1427,5,37
CCCCCCCCCCCCCCCCCCCCC[C@H](O)CC(=O)SCCNC(=O)CCNC(=O)[C@H](O)C(C)(C)COP(=O)([O-])OP(=O)([O-])OC[C@H]1O[C@@H](n2cnc3c(N)ncnc32)[C@H](O)[C@@H]1OP(=O)([O-])[O-],3301,5,45
CCCCCCCC/C=C\C/C=C/C(=O)SCCNC(=O)CCNC(=O)[C@H](O)C(C)(C)COP(=O)([O-])OP(=O)([O-])OC[C@H]1O[C@@H](n2cnc3c(N)ncnc32)[C@H](O)[C@@H]1OP(=O)([O-])[O-],3258,5,35
CCCC(=O)CC(=O)SCCNC(=O)CCNC(=O)C(O)C(C)(C)COP(=O)(O)OP(=O)(O)OCC1OC(n2cnc3c(N)ncnc32)C(O)C1OP(=O)(O)O,3433,5,27
NC(C=O)Cc1c[nH]cn1,507,5,6
O=C(O)Cc1c[nH]c2ccc(O)cc12,2237,5,10
O=C(O)c1ccc2ccccc2n1,392,5,10
CS(=O)CC[C@@H](N)C(=O)O,1619,5,5
CCCCCCCCCCCCCCCC(O)CC(=O)SCCNC(=O)CCNC(=O)C(O)C(C)(C)COP(=O)(O)OP(=O)(O)OCC1OC(n2cnc3c(N)ncnc32)C(O)C1OP(=O)(O)O,3301,5,39
Cc1ccc(CO)cc1,275,5,8
Cc1ncc(COP(=O)([O-])[O-])c(CO)c1O,2455,5,8
CSCCCO,594,5,4
CC(C)CCC[C@@H](C)[C@H]1CC[C@H]2[C@@H]3CC=C4C[C@@H](O)CC[C@]4(C)[C@H]3CC[C@@]21C,788,5,27
CCCCCC=CC(=O)SCCNC(=O)CCNC(=O)C(O)C(C)(C)COP(=O)(O)OP(=O)(O)OCC1OC(n2cnc3c(N)ncnc32)C(O)C1OP(=O)(O)O,3257,5,29
C=C(C=CC(C)C1CCC2C3=CC=C4CC(O)CCC4(C)C3CCC21C)C(C)C,756,5,28
C[C@H](O)[C@H](C)O,278,5,4
NCC(=O)NC(CC(N)=O)C(=O)O,2173,5,6
CCCCCCCCCCCCCCCCCCCCCCCC=CC(=O)SCCN=C(O)CCN=C(O)C(O)C(C)(C)COP(=O)(O)OP(=O)(O)OCC1OC(n2cnc3c(N)ncnc32)C(O)C1OP(=O)(O)O,3264,5,47
O=P(O)(O)OCC(O)C(O)c1c[nH]c2ccccc12,2401,5,11
N[C@H](CSSC[C@@H](N)C(=O)O)C(=O)O,1509,5,6
CCCCCCCCCCCCCCCCCCC/C=C/C(=O)SCCNC(=O)CCNC(=O)[C@H](O)C(C)(C)COP(=O)([O-])OP(=O)([O-])OC[C@H]1O[C@@H](n2cnc3c(N)ncnc32)[C@H](O)[C@@H]1OP(=O)([O-])[O-],3256,5,43
CCCCCCCCCCCCCCCCCC=CC(=O)SCCNC(=O)CCNC(=O)C(O)C(C)(C)COP(=O)([O-])OP(=O)([O-])OC[C@@H]1O[C@H](n2cnc3c(N)ncnc32)[C@H](O)[C@@H]1OP(=O)([O-])[O-],3262,5,41
c1ccc2[nH]ccc2c1,78,5,8
C/C=C(\N)C(=O)O,632,5,4
CC(=O)CC(=O)SCCNC(=O)CCNC(=O)C(O)C(C)(C)COP(=O)(O)OP(=O)(O)OCC1OC(n2cnc3c(N)ncnc32)C(O)C1OP(=O)(O)O,3385,5,25
NC(CS(=O)O)C(=O)O,1521,5,3
[NH3+][C@@H](CCC(=O)NCCCC(=O)[O-])C(=O)[O-],2372,5,9
C=Cc1ccc(O)cc1,499,5,8
CCCCCCCCCCCCCCCCCCC[C@@H](O)CC(=O)SCCNC(=O)CCNC(=O)[C@H](O)C(C)(C)COP(=O)([O-])OP(=O)([O-])OC[C@H]1O[C@@H](n2cnc3c(N)ncnc32)[C@H](O)[C@@H]1OP(=O)([O-])[O-],3301,5,43
CCCCCCCCCCCCCCCCCC(O)CC(=O)SCCNC(=O)CCNC(=O)C(O)C(C)(C)COP(=O)(O)OP(=O)(O)OCC1OC(n2cnc3c(N)ncnc32)C(O)C1OP(=O)(O)O,3301,5,41
NC(=O)CCCCC(S)CCSC(=O)CCC(=O)O,1594,5,12
[NH3+][C@@H](CCC(=O)N[C@@H](CSSC[C@H](NC(=O)CC[C@H]([NH3+])C(=O)[O-])C(=O)NCC(=O)[O-])C(=O)NCC(=O)[O-])C(=O)[O-],2469,5,20
Nc1nc2c(c(=O)[nH]1)N=C(CNc1ccc(C(=O)[O-])cc1)CN2,1120,5,14
Cc1ccccc1O,642,5,7
CC(C)=CCC[C@@H](C)[C@H]1CC[C@@]2(C)C3=C(CC[C@]12C)[C@@]1(C)CC[C@H](O)C(C)(C)[C@@H]1CC3,846,5,30
CCCCCCCC/C=C/CCCCCCCC(=O)OC[C@H](COP(=O)(O)OCCN(C)C)OC(=O)CCCCCCC/C=C/CCCCCCCC,1199,5,43
C[C@@H]1NC(=O)N[C@@H]1CCCCCC(=O)[O-],1729,4,10
CCCCCCCCCCCCCCCC(=O)C(N)CO,1604,4,18
C=C(CC[C@@H](C)[C@H]1CC[C@H]2C3=C(CC[C@@]21C)[C@@]1(C)CC[C@H](O)C[C@@H]1CC3)C(C)C,756,4,28
CC(=O)C(C)=O,75,4,4
C#CC=O,25,4,3
[NH3+][C@@H](CCC(=O)N[C@@H](CSC=O)C(=O)NCC(=O)[O-])C(=O)[O-],3088,4,11
CC(C)(O)[C@@H](O)C(=O)[O-],1306,4,5
[NH3+][C@H](COP(=O)([O-])[O-])Cc1c[nH]cn1,1521,4,6
CC(=[NH2+])C(=O)[O-],500,4,3
Cn1cncc1CC(NC(=O)CCN)C(=O)O,1959,4,10
O=[N+]([O-])c1ccc(O)cc1,414,4,6
CCCCCCCCCCCCCCCCCCCCCCCCCC(=O)N[C@@H](CO)[C@H](O)[C@H](O)CCCCCCCCCCCCCC,1835,4,44
CCCCCCOC(C)=O,209,4,8
NC(CC(O)C=O)C(=O)[O-],2521,4,5
[NH3+][C@H](CO)Cc1c[nH]cn1,1022,4,6
CCOC(=O)C[C@@H](C)O,1094,4,6
NC(=NCCCC(N)C(=O)O)NC(CC(=O)O)C(=O)O,1045,4,10
O=C(O)Cc1cc(O)ccc1O,2037,4,8
CC1(C)COC(=O)[C@@H]1O,1378,4,6
CC(=O)c1ccccc1,118,4,8
CCCCCCCC/C=C/CCCCCCCC(=O)OC[C@H](COP(=O)(O)OCCNC)OC(=O)CCCCCCC/C=C/CCCCCCCC,1304,4,42
O=C([O-])C(=O)C(C(=O)[O-])C(O)C(=O)[O-],1689,4,6
Nc1ncnc2c1ncn2C1OC(COP(=O)(O)OP(=O)(O)OP(=O)(O)OP(=O)(O)OCC2OC(n3cnc4c(N)ncnc43)C(O)C2O)C(O)C1O,1974,4,20
CCCCCC/C=C\CCCCCCCC(=O)OC[C@H](COP(=O)([O-])[O-])OC(=O)CCCCCCC/C=C\CCCCCCCC,1295,4,37
C=Cc1ccccc1,34,4,8
CCCCCOC(=O)CC,175,4,8
Nc1nc2c(c(=O)[nH]1)N=C(CO)CN2,884,4,7
COc1cccc(OC)c1,333,4,8
O=CCC(O)C(O)C(O)CO,1589,4,6
CCC(O)(C(C)=O)C(=O)[O-],1670,4,6
O=C[C@H](O)[C@H](O)[C@@H](O)[C@H](O)[C@H](O)CO,1695,4,7
NC(C(=O)O)C(=O)COP(=O)(O)O,3255,4,4
O=C([O-])C(CO)OC1OC(COP(=O)([O-])O)C(O)C(O)C1O,3001,4,9
CC(N)C(=O)NC(C(=O)O)C(C)O,1954,4,7
NC(=O)Cc1ccccc1,141,4,8
C=C(CC(=O)O)C(=O)O,1081,4,5
CSC,17,4,2
Nc1ncnc2c1ncn2[C@@H]1O[C@H](COP(=O)([O-])OP(=O)([O-])OP(=O)([O-])OC[C@H]2O[C@@H](n3cnc4c(N)ncnc43)[C@H](O)[C@@H]2O)[C@@H](O)[C@H]1O,1974,4,20
CCCCCOC(C)=O,193,4,7
O=C(COP(=O)([O-])[O-])Cc1c[nH]cn1,1502,4,6
CCCCCCCCC=CCCCCCCCC(=O)OC(COC(=O)CCCCCCCCCCCCCCCCC)COP(=O)(O)OC1C(O)C(O)C(O)C(O)C1O,2495,4,45
CCCCCCCCCCCCCCCCCCCCCCCCCC(=O)NC(CO)C(O)CCCCCCCCCCCCCCC,1632,4,44
NC(=O)c1ncn(C2OC(COP(=O)(O)O)C(O)C2O)c1N=CO,2163,4,10
CCCCCCCCCCCCCCCCCCCCCCCC(=O)NC(CO)C(O)C(O)CCCCCCCCCCCCCC,1835,4,42
CCCC(O)CC(=O)OCC,1220,4,8
CCCCCC/C=C\CCCCCCCCCC(=O)O[C@H](CO)COC(=O)CCCCCCCCCCCCCCC,1301,4,37
Cc1ncc(CO)c(N)n1,765,4,6
CCCCCCCC/C=C\CCC/C=C/C(=O)SCCNC(=O)CCNC(=O)[C@H](O)C(C)(C)COP(=O)([O-])OP(=O)([O-])OC[C@H]1O[C@@H](n2cnc3c(N)ncnc32)[C@H](O)[C@@H]1OP(=O)([O-])[O-],3256,4,37
O=C([O-])/C=C\C(=O)CC(=O)[O-],1517,4,6
CC(C)=CCC[C@@H](C)[C@H]1CC[C@H]2C3=C(CC[C@@]21C)[C@@]1(C)CC[C@H](O)C(C)(C)[C@@H]1CC3,855,4,29
COc1cc(C(=O)O)cc(CC=C(C)CCC=C(C)CCC=C(C)CCC=C(C)CCC=C(C)CCC=C(C)C)c1O,1854,4,38
Cc1ncc(C[n+]2csc(CCOP(=O)(O)O)c2C)c(N)n1,1312,4,12
NC(=O)c1ncn([C@@H]2O[C@H](COP(=O)([O-])[O-])[C@@H](O)[C@H]2O)c1N,2186,4,9
CC(=O)OP(=O)([O-])OC[C@H]1O[C@@H](n2cnc3c(N)ncnc32)[C@H](O)[C@@H]1O,2093,4,12
CCCCCCCCCCCCCCC(O)C=O,1134,4,16
CCC(C)(O)C(O)C(=O)[O-],1968,4,6
Cc1ncc(C[n+]2c(C(C)O)sc(CCOP(=O)(O)OP(=O)(O)O)c2C)c(N)n1,1993,4,14
C[N+](C)(C)CCCC=O,190,4,7
NC(Cc1ccc(OP(=O)(O)O)cc1)C(=O)O,3009,4,9
CCCCCCCCCCCCCCCCCCCCCCCC(=O)NC(CO)C(O)CCCCCCCCCCCCCCC,1632,4,42
Nc1c(C(=O)[O-])[nH+]cn1[C@@H]1O[C@H](COP(=O)([O-])[O-])[C@@H](O)[C@H]1O,2282,4,9
Nc1nc(O)c(N)c(N[C@@H]2O[C@H](COP(=O)([O-])[O-])[C@@H](O)[C@H]2O)n1,2532,4,9
Cn1cncc1C[C@H]([NH3+])C(=O)[O-],1833,4,7
NC(=O)NC(=O)[O-],380,4,2
CCCCCCCCCCCCCCCCCC(=O)OC[C@@H](O)COP(=O)(O)O[C@@H]1[C@@H](O)[C@@H](O)[C@@H](O)[C@H](O)[C@H]1O,2482,4,27
Nc1nc2ncc(CNc3ccc(C(=O)NC(CCC(=O)O)C(=O)O)cc3)nc2c(=O)[nH]1,1779,4,19
[NH3+][C@@H](CC(=O)c1ccccc1NC=O)C(=O)[O-],2394,4,11
CC(O)c1ccc(O)cc1,884,4,8
NC(=O)NC(O)C(=O)O,1317,4,3
CCCCCCCCCCCCCC=C[C@H](O)[C@H](N)CO,1689,4,18
[NH3+][C@@H]1O[C@H](COP(=O)([O-])[O-])[C@@H](O)[C@H]1O,2370,4,5
O=C([O-])C(=O)C[C@]1(C(=O)[O-])C=C[C@@H](O)C=C1,2558,4,10
CC(N)C(=O)NC(Cc1cnc[nH]1)C(=O)O,1905,4,9
CCCCCCCC(=O)OCC,195,4,10
C[C@@H](CO)C(=O)SCCNC(=O)CCNC(=O)[C@H](O)C(C)(C)COP(=O)([O-])OP(=O)([O-])OC[C@H]1O[C@@H](n2cnc3c(N)ncnc32)[C@H](O)[C@@H]1OP(=O)([O-])[O-],3304,4,25
CC(C)[C@@H](C)/C=C/[C@@H](C)[C@H]1CC[C@H]2C3=CC=C4C[C@@H](O[C@@H]5O[C@H](CO)[C@@H](O)[C@H](O)[C@H]5O)CC[C@]4(C)[C@H]3CC[C@@]21C,2110,4,34
C[C@H]1O[C@@H](n2cnc3c(N)ncnc32)[C@H](O)[C@@H]1O,937,4,10
C=C([NH3+])C(=O)[O-],703,3,3
O=C1OC(CO)C(O)=C1O,1388,3,5
Nc1nc2c(ncn2[C@@H]2O[C@H](COP(=O)([O-])OP(=O)([O-])OP(=O)([O-])OP(=O)([O-])OC[C@H]3O[C@@H](n4cnc5c(=O)[nH]c(N)nc54)[C@H](O)[C@@H]3O)[C@@H](O)[C@H]2O)c(=O)[nH]1,1995,3,20
CCCCCC(=O)CC(=O)SCCNC(=O)CCNC(=O)C(O)C(C)(C)COP(=O)(O)OP(=O)(O)OCC1OC(n2cnc3c(N)ncnc32)C(O)C1OP(=O)(O)O,3438,3,29
[NH3+][C@@H](CCC(=O)N[C@@H](CSCO)C(=O)NCC(=O)[O-])C(=O)[O-],3073,3,11
CCCCCCCC/C=C\CCCC(O)CC(=O)SCCNC(=O)CCNC(=O)C(O)C(C)(C)COP(=O)(O)OP(=O)(O)OC[C@H]1O[C@@H](n2cnc3c(N)ncnc32)[C@@H](O)[C@H]1OP(=O)(O)O,3279,3,37
OCCCO,679,3,3
CCCCCCCCCCCCCCCC(=O)CC(=O)SCCNC(=O)CCNC(=O)C(O)C(C)(C)COP(=O)(O)OP(=O)(O)OCC1OC(n2cnc3c(N)ncnc32)C(O)C1OP(=O)(O)O,3438,3,39
Cc1ncsc1CCOP(=O)([O-])[O-],1261,3,6
CCCCCC/C=C\CCCCC/C=C/C(=O)SCCNC(=O)CCNC(=O)[C@H](O)C(C)(C)COP(=O)([O-])OP(=O)([O-])OC[C@H]1O[C@@H](n2cnc3c(N)ncnc32)[C@H](O)[C@@H]1OP(=O)([O-])[O-],3265,3,37
CCCCCCCCCCCCCCCCCCCCCCCC(=O)CC(=O)SCCN=C(O)CCN=C(O)C(O)C(C)(C)COP(=O)(O)OP(=O)(O)OCC1OC(n2cnc3c(N)ncnc32)C(O)C1OP(=O)(O)O,3446,3,47
CCCCCCCC/C=C\CC(=O)SCCNC(=O)CCNC(=O)[C@H](O)C(C)(C)COP(=O)(O)OP(=O)(O)OC[C@H]1O[C@@H](n2cnc3c(N)ncnc32)C(O)[C@H]1OP(=O)(O)O,3229,3,33
O=S(=O)([O-])CCO,498,3,2
O=CC=CCl,11,3,3
C#CC(=O)[O-],402,3,3
CCCCCCC=CCCCCCCCC(=O)OCC(COP(=O)(O)OP(=O)(O)OCC1OC(n2ccc(N)nc2=O)C(O)C1O)OC(=O)CCCCCCCC=CCCCCCC,2359,3,44
[NH3+][C@@H](CCC[C@H]([NH3+])C(=O)[O-])C(=O)[O-],1679,3,7
O=C(/C=C\c1ccc(O)c(O)c1)O[C@H](C(=O)O)[C@@H](O)C(=O)O,2004,3,13
O=P([O-])([O-])O[C@H]1[C@H](O)[C@@H](OP(=O)([O-])[O-])[C@H](OP(=O)([O-])[O-])[C@@H](O)[C@H]1O,2110,3,6
OCCc1c[nH]c2ccccc12,969,3,10
C=C(CCC(C)C1CCC2C3=C(CCC21C)C1(C)CCC(OC(=O)CCCCCCCC=CCCCCCC)CC1CC3)C(C)C,316,3,44
Cc1ncc(C[n+]2csc(CCO)c2C)c(N)n1,688,3,12
NC(=[NH2+])NCCCC(=O)[O-],784,3,5
CCCCCCCCCCCCCCCCCCCCCCCC[C@H](O)C(=O)N[C@@H](COP(=O)([O-])O[C@H]1[C@H](OC2O[C@H](COP(=O)([O-])O[C@H]3[C@H](O)[C@@H](O)[C@H](O)[C@@H](O)[C@H]3O)[C@@H](O)[C@H](O)[C@@H]2O)[C@@H](O)[C@H](O)[C@@H](O)[C@H]1O)[C@H](O)[C@H](O)CCCCCCCCCCCCCC,2538,3,62
CCCCCCCCCCCCCCCCCC(=O)OCC(=O)COP(=O)(O)O,1685,3,21
COC(=O)Cc1ccccc1,131,3,9
C=C(CC(=O)SCCNC(=O)CCNC(=O)C(O)C(C)(C)COP(=O)(O)OP(=O)(O)OCC1OC(n2cnc3c(N)ncnc32)C(O)C1OP(=O)(O)O)C(=O)O,3700,3,26
CCc1cccc(O)c1,606,3,8
CCCCCCCCCCCCCCCCCC(=O)CC(=O)SCCN=C(O)CCN=C(O)[C@H](O)C(C)(C)COP(=O)(O)OP(=O)(O)OC[C@H]1O[C@@H](n2cnc3c(N)ncnc32)C(O)C1OP(=O)(O)O,3446,3,41
COC(=O)c1ccc(O)c(OC)c1,1050,3,9
O=[N+]([O-])c1ccc(OP(=O)([O-])[O-])cc1,1133,3,6
CC(C(=O)O)C(O)(CC(=O)O)C(=O)O,1637,3,7
CC1(C)COC(=O)C1=O,501,3,6
CCCCCCCOC(C)=O,209,3,9
Nc1c(NC2OC(COP(=O)(O)O)C(O)C2O)[nH]c(=O)[nH]c1=O,2171,3,9
C=C(CCC(C)C1CCC2C3=C(CCC21C)C1(C)CCC(OC(=O)CCCCCCCC=CCCCCCCCC)CC1CC3)C(C)C,316,3,46
CCCCCCCCCCC=CCC(=O)SCCNC(=O)CCNC(=O)C(O)C(C)(C)COP(=O)(O)OP(=O)(O)OCC1OC(n2cnc3c(N)ncnc32)C(O)C1OP(=O)(O)O,3229,3,35
CCCCCCCCCCCCCCCCCCCCCC(=O)CC(=O)SCCNC(=O)CCNC(=O)[C@H](O)C(C)(C)COP(=O)([O-])OP(=O)([O-])OC[C@H]1O[C@@H](n2cnc3c(N)ncnc32)[C@H](O)[C@@H]1OP(=O)([O-])[O-],3438,3,45
O=C(O)/C=C/Cl,76,3,3
COC(=O)c1ccccc1O,794,3,8
Nc1nc(NC[C@H](O)[C@H](O)[C@H](O)COP(=O)([O-])[O-])c(N)c(=O)[nH]1,2299,3,9
OCCc1ccccc1O,1564,3,8
O=C(O)C1CCCCN1,1271,3,6
Nc1c(C(=O)N[C@@H](CC(=O)[O-])C(=O)[O-])ncn1[C@@H]1O[C@H](COP(=O)([O-])[O-])[C@@H](O)[C@H]1O,2678,3,13
CCCCCCCCCCCCCCCC(=O)OCC(=O)COP(=O)([O-])[O-],1685,3,19
O=C(c1ccccc1)[C@H](O)c1ccccc1,339,3,14
O=C(O)CCCCC1SCC2NC(=O)NC21,2091,3,10
CCCCC/C=C\C/C=C\CCCCCCCC(=O)SCCNC(=O)CCNC(=O)[C@H](O)C(C)(C)COP(=O)([O-])OP(=O)([O-])OC[C@H]1O[C@@H](n2cnc3c(N)ncnc32)[C@H](O)[C@@H]1OP(=O)([O-])[O-],3242,3,39
CCCCCCCCCCCCCCCCCCCC(=O)CC(=O)SCCNC(=O)CCNC(=O)C(O)C(C)(C)COP(=O)(O)OP(=O)(O)OCC1OC(n2cnc3c(N)ncnc32)C(O)C1OP(=O)(O)O,3438,3,43
CCCCCCCC/C=C\CCCCCCCC(=O)O[C@H](COC(=O)CCCCCCCCCCCCCCC)COP(=O)(O)OP(=O)(O)OC[C@H]1O[C@@H](n2ccc(N)nc2=O)C(O)[C@H]1O,2359,3,46
NCCS(=O)O,279,3,2
COc1cc(C(C)=O)ccc1O,973,3,9
CCC(=O)OCCC(C)C,208,3,8
NC(=O)N[C@@H]1NC(=O)NC1=O,274,3,4
CCCCCCCC/C=C\CCCCCCCC(=O)OCC(=O)COP(=O)([O-])[O-],1716,3,21
COc1cc(/C=C/C(=O)O[C@H](C(=O)O)[C@H](O)C(=O)O)ccc1O,2214,3,14
COC(=O)/C(=C/C(=O)[O-])CC(=O)[O-],1285,3,7
Nc1c[nH+]cn1[C@@H]1O[C@H](COP(=O)([O-])[O-])[C@@H](O)[C@H]1O,2149,3,8
O=C(O)Cc1cnc[nH]1,1297,3,5
Cc1cccc(C)c1,37,3,8
O=C(O)C=C(CCC(=O)O)C(=O)O,1315,3,7
CCc1ccc(O)c(OC)c1,889,3,9
COc1cccc(CC=C(C)CCC=C(C)CCC=C(C)CCC=C(C)CCC=C(C)CCC=C(C)C)c1O,965,3,37
Cc1ncsc1CCO,301,3,6
O=C([O-])C=C1C=CC(=O)O1,878,3,6
CCCCCCCC/C=C\CCCCCCCC(=O)O[C@@H](CO)COC(=O)CCCCCCCCCCCCCCCCC,1302,3,39
CCCCC/C=C\C/C=C\C=C\C=C\[C@@H]1O[C@H]1CCCC(=O)[O-],1323,3,20
O=C(O)C(=O)CC(O)C(O)C(O)COP(=O)(O)O,3450,3,7
CCCCC,19,3,5
CCCCCCCCC=CCCCCCC(=O)SCCNC(=O)CCNC(=O)C(O)C(C)(C)COP(=O)([O-])OP(=O)([O-])OCC1OC(n2cnc3c(N)ncnc32)C(O)C1OP(=O)([O-])[O-],3196,3,37
COC1=CC(=O)C(C)=C(CC=C(C)CCC=C(C)CCC=C(C)CCC=C(C)CCC=C(C)CCC=C(C)C)C1=O,620,3,38
CC(=O)[C@@H](O)[C@H](O)COP(=O)([O-])[O-],2526,3,5
CCCCCCCCCCCCCCCCCCCCCC[C@H](O)C(=O)N[C@@H](COP(=O)([O-])O[C@H]1[C@H](OC2O[C@H](COP(=O)([O-])O[C@H]3[C@H](O)[C@@H](O)[C@H](O)[C@@H](O)[C@H]3O)[C@@H](O)[C@H](O)[C@@H]2O)[C@@H](O)[C@H](O)[C@@H](O)[C@H]1O)[C@H](O)[C@H](O)CCCCCCCCCCCCCC,2538,3,60
CCCCCCCCC=CCCCCCCCC(=O)OC(COC(=O)CCCCCCCCCCCCCCCCC)COP(=O)(O)O,1427,3,39
CC(=O)NC1[C@@H](OP(=O)(O)OP(=O)(O)OC[C@H]2O[C@@H](n3ccc(=O)[nH]c3=O)[C@@H](O)C2O)OC(CO)[C@@H](O)[C@@H]1O,2941,3,17
COC(=O)C=Cc1ccccc1,143,3,10
O=C/C=C/c1ccccc1,85,3,9
CCCCCC/C=C\CCCCCCCC(=O)OC[C@H](COC(=O)CCCCCCC/C=C\CCCCCCCC)OC(=O)CCCCCCC/C=C\CCCCCCCC,344,2,55
CC(=O)O[C@@H](CC(=O)[O-])C[N+](C)(C)C,751,2,9
CCCCCCCC/C=C\CCCCCCCC(=O)O[C@H](COC(=O)CCCCCCCCCCCCCCCCC)COP(=O)([O-])O[C@H]1[C@H](O)[C@@H](O)[C@H](O)[C@@H](OP(=O)([O-])[O-])[C@H]1O,2764,2,45
CCCCCCC=CC=CCC(=O)SCCNC(=O)CCNC(=O)C(O)C(C)(C)COP(=O)(O)OP(=O)(O)OCC1OC(n2cnc3c(N)ncnc32)C(O)C1OP(=O)(O)O,3236,2,33
N#CC(O)c1ccccc1,184,2,8
CCCCCC/C=C\CCCCCCCC(=O)O[C@H]1CC[C@]2(C)C3=C(CC[C@H]2C1)[C@@H]1CC[C@H]([C@H](C)CCC=C(C)C)[C@@]1(C)CC3,372,2,43
COC(=O)C(C)C,33,2,5
CC(C)C(=CC(=O)O)C(=O)O,721,2,7
CSCC(O)C(O)C(=O)COP(=O)(O)O,2702,2,6
CSCCC(=O)/C(O)=C/O,1136,2,6
COc1cc(CCO)ccc1O,1879,2,9
COC(=O)C/C(=C\C(=O)[O-])C(=O)[O-],1340,2,7
C[N+](C)(C)CCOP(=O)([O-])OP(=O)([O-])OC[C@H]1O[C@@H](n2ccc(N)nc2=O)[C@H](O)[C@@H]1O,2085,2,14
CCCCCCCCCCCCCCCCCCCCCCCCCC(=O)N[C@@H](COP(=O)(O)O[C@H]1C(O)C(O)C(O)[C@@H](O)C1O[C@H]1O[C@H](COP(=O)(O)O[C@H]2C(O)C(O)C(O)[C@@H](O)C2O)[C@@H](O)C(O)C1O)[C@H](O)CCCCCCCCCCCCCCC,2527,2,62
CCCCCC/C=C\CCCCCCCC(=O)O[C@H](COC(=O)CCCCCCCCCCCCCCC)COP(=O)([O-])O[C@H]1[C@H](O)[C@@H](O)[C@H](O)[C@@H](O)[C@H]1O,2450,2,41
CCCCCCCCCC=CC=CC(=O)SCCNC(=O)CCNC(=O)C(O)C(C)(C)COP(=O)(O)OP(=O)(O)OCC1OC(n2cnc3c(N)ncnc32)C(O)C1OP(=O)(O)O,3262,2,35
CC(C(=O)O)=C(CC(=O)O)C(=O)O,1376,2,7
CCCCCCCCC=CCC(O)CC(=O)SCCNC(=O)CCNC(=O)C(O)C(C)(C)COP(=O)(O)OP(=O)(O)OCC1OC(n2cnc3c(N)ncnc32)C(O)C1OP(=O)(O)O,3306,2,35
CCCCC/C=C\C/C=C\C=C\C=C\[C@@H](O)[C@@H](O)CCCC(=O)[O-],2207,2,20
NCSCCC(S)CCCCC(N)=O,918,2,9
Cc1ncc(COP(=O)([O-])[O-])c(N)n1,1344,2,6
O=P([O-])([O-])O[C@H]1[C@H](O)[C@@H](O)[C@H](O)[C@@H](O)[C@H]1OP(=O)([O-])[O-],2125,2,6
COC(=O)C(O)C(C(=O)[O-])C(C)C,932,2,8
CC(C)(COP(=O)([O-])OP(=O)([O-])OC[C@H]1O[C@@H](n2cnc3c(N)ncnc32)[C@H](O)[C@@H]1OP(=O)([O-])[O-])[C@@H](O)C(=O)NCCC(=O)NCCSC(=O)C[C@@](C)(O)CC(=O)[O-],3682,2,27
CCCCCC/C=C\CCCCCCCC(=O)OC[C@H](COC(=O)CCCCCCCCCCCCCCCCC)OC(=O)CCCCCCCCCCCCCCCCC,345,2,55
CCCCCCCCC=CCCCCCCCC(=O)OCC(O)COP(=O)(O)OC1C(O)C(O)C(O)C(O)C1O,2522,2,27
C=Cc1ccc(O)c(OC)c1,869,2,9
CCCCCCC=CCCCCCCCC(=O)OCC(COC(=O)CCCCCCCCCCCCCCC)OC(=O)CCCCCCCC=CCCCCCC,345,2,51
CC(C)=CCCC(C)=CCCC(C)=CCCC=C(C)CCC=C(C)CCC=C(C)C,185,2,30
O=CNc1ccccc1C(=O)[O-],742,2,8
CCCCCCCCCCCCCCCCCCCCCCCC[C@H](O)C(=O)N[C@@H](COP(=O)([O-])O[C@H]1[C@H](OC2O[C@H](COP(=O)([O-])O[C@H]3[C@H](O)[C@@H](O)[C@H](O)[C@@H](O)[C@H]3O)[C@@H](O)[C@H](O)[C@@H]2O)[C@@H](O)[C@H](O)[C@@H](O)[C@H]1O)[C@H](O)CCCCCCCCCCCCCCC,2544,2,62
CCCCCCCCCCCCCCC[C@@H](O)[C@H](CO)NC=O,1537,2,19
O=C(O)C[C@H](Nc1ncnc2c1ncn2[C@@H]1O[C@H](COP(=O)(O)O)[C@@H](O)[C@H]1O)C(=O)O,2736,2,14
CCCCCCC=CCCCCCCCC(=O)OC(COC(=O)CCCCCCCCCCCCCCCCC)COP(=O)([O-])OC1C(O)C(O)C(O)C(O)C1O,2450,2,43
CSCCC(N)C(=O)NC(C)C(=O)O,2127,2,8
CC(C(=O)[O-])C(=O)[O-],985,2,4
COc1cc(C=O)ccc1OC(C)=O,652,2,10
C[C@@H](O)[C@@H](O)C1=Nc2c([nH]c(N)nc2=O)NC1,1110,2,9
CC(=O)OCCC(C)C,207,2,7
CSCCC(=O)C(=O)COP(=O)([O-])[O-],1700,2,6
O=P([O-])([O-])O[C@H]1[C@@H](O)[C@@H](OP(=O)([O-])[O-])[C@H](O)[C@@H](OP(=O)([O-])[O-])[C@@H]1OP(=O)([O-])[O-],2052,2,6
O=C(O)c1cccnc1C(=O)O,884,2,7
CCCCCCCC/C=C\CCCCCCCC(=O)O[C@H](COC(=O)CCCCCCCCCCCCCCC)COP(=O)([O-])O[C@H]1[C@H](O)[C@@H](O)[C@H](O)[C@@H](O)[C@H]1O,2495,2,43
Cc1nc(C(=O)[O-])sc1CCOP(=O)([O-])OP(=O)([O-])OCC1OC(n2cnc3c(N)ncnc32)C(O)C1O,2093,2,17
NC1C(OC2C(O)C(O)C(O)C(O)C2OP(=O)(O)OCC(COC=O)OC=O)OC(CO)C(O)C1O,1883,2,17
CC(=O)OCC(C)C,89,2,6
CC(C)C(C)O,87,2,5
O=P([O-])([O-])O[C@H]1[C@@H](O)[C@H](O)[C@@H](OP(=O)([O-])[O-])[C@H](O)[C@H]1O,2112,2,6
Cc1ncc2c(c1O)C(=O)OC2,819,2,8
Nc1ncnc2c1ncn2C1CC2OP(=O)(O)OCC2O1,460,2,10
C1CCNCC1,54,2,5
CSCC1OC(OP(=O)(O)O)[C@H](O)[C@@H]1O,3313,2,6
CC(=O)OCCc1ccccc1,221,2,10
Nc1ncnc2c1ncn2C1OC(COP(=O)(O)OS(=O)(=O)O)C(O)C1O,1901,2,10
CCCCC=CC=O,243,2,7
CCCCCCCC/C=C/CCCCCCCC(=O)O[C@H](COC(=O)CCCCCCCCCCCCCCCCC)COP(=O)([O-])OCC[N+](C)(C)C,1090,2,44
CC(C)O,80,2,3
CC(=O)[C@H](O)COP(=O)([O-])[O-],2423,2,4
O=C(O)Nc1cncn1C1OC(COP(=O)(O)O)C(O)C1O,2183,2,9
CC=CCCCOC(C)=O,165,2,8
CC(C)=CCC/C(C)=C\CC/C(C)=C/COP(=O)(O)OP(=O)(O)O,802,2,15
C[C@@H](O)C(=O)SC[C@H](NC(=O)CC[C@H]([NH3+])C(=O)[O-])C(=O)NCC(=O)[O-],3511,2,13
CCCCCCCC/C=C\CCCCCCCC(=O)O[C@H](COC(=O)CCCCCCCCCCCCCCCCC)COP(=O)([O-])O[C@@H]1[C@H](O)[C@H](O)[C@@H](OP(=O)([O-])[O-])[C@H](O)[C@H]1O,2745,2,45
CCCCCCCCCCCCCCCCCCCCCCCC(=O)N[C@@H](COP(=O)(O)O[C@H]1[C@H](O[C@@H]2O[C@H](COP(=O)(O)O[C@H]3[C@H](O)[C@@H](O)[C@H](O)[C@@H](O)[C@H]3O)[C@@H](O)[C@H](O)[C@@H]2O)[C@@H](O)[C@H](O)[C@@H](O)[C@H]1O)[C@H](O)CCCCCCCCCCCCCCC,2079,2,60
CCCCCCCCCCCCCCCCCCCCCCCC(=O)N[C@@H](COP(=O)([O-])O[C@H]1[C@H](O[C@@H]2O[C@H](COP(=O)([O-])O[C@H]3[C@H](O)[C@@H](O)[C@H](O)[C@@H](O)[C@H]3O)[C@@H](O)[C@H](O)[C@@H]2O)[C@@H](O)[C@H](O)[C@@H](O)[C@H]1O)[C@H](O)[C@H](O)CCCCCCCCCCCCCC,2521,2,60
O=C([O-])c1ccccc1NCC(=O)[C@H](O)[C@H](O)COP(=O)([O-])[O-],2835,2,12
Cc1c[nH]c(=O)nc1N,326,2,5
NC(=[NH2+])NCCCC(N)=O,153,2,5
O=C(C(=O)c1ccccc1)c1ccccc1,131,2,14
CCCCCC/C=C\CCCCCCCC(=O)O[C@H](COC(=O)CCCCCCCCCCCCCCCCC)COP(=O)([O-])[O-],1427,2,37
Nc1c2ncn(C3OC(COP(=O)([O-])OP(=O)([O-])OP(=O)([O-])O)C(O)C3O)c2nc[n+]1C1OC(COP(=O)([O-])O)C(O)C1O,2008,2,15
O=C(O)CNC(=O)c1ccccc1O,1699,2,9
CCCCCCCCCC(=O)OCC,195,2,12
CCCOC(C)=O,161,2,5
C[C@](O)(C(=O)[O-])[C@H](CC(=O)[O-])C(=O)[O-],1606,2,7
CCOC(=O)C(C)O,955,2,5
C#CCO,303,2,3
O=C(O)CCl,762,2,2
CCCCCCCCCCCCCCCCCCCCCC[C@H](O)C(=O)N[C@@H](COP(=O)([O-])O[C@H]1[C@H](O[C@@H]2O[C@H](COP(=O)([O-])O[C@H]3[C@H](O)[C@@H](O)[C@H](O)[C@@H](O)[C@H]3O)[C@@H](O)[C@H](O)[C@@H]2O)[C@@H](O)[C@H](O)[C@@H](O)[C@H]1O)[C@H](O)CCCCCCCCCCCCCCC,2544,2,60
[NH3+][C@@H](CCc1ncc(C[C@H]([NH3+])C(=O)[O-])[nH]1)C(=O)[O-],2189,2,10
NCC(=O)CCC(=O)O,1889,2,5
CCCCOC(C)=O,165,2,6
NC(=O)Cc1c[nH]c2ccccc12,384,2,10
C=C(CC[C@@H](C)[C@H]1CC[C@H]2C3=CC[C@H]4C[C@@H](OC(=O)CCCCCCC/C=C\CCCCCC)CC[C@]4(C)[C@H]3CC[C@@]21C)C(C)C,336,2,44
CC(=O)N1CCC[C@@H]1C(=O)O,848,2,7
C=C(CC[C@@H](C)[C@H]1CC[C@H]2C3=CC[C@H]4C[C@@H](OC(=O)CCCCCCC/C=C\CCCCCCCC)CC[C@]4(C)[C@H]3CC[C@@]21C)C(C)C,336,2,46
CCOC(=O)C(C)=O,333,2,5
CCOC(C)=O,80,2,4
CCC(C)COC(C)=O,104,2,7
CCCCCCCCC=CCCCCCCCC(=O)OC1CCC2(C)C3=C(CCC2C1)C1CCC(C(C)CCC=C(C)C)C1(C)CC3,372,2,45
CC=[N+]([O-])[O-],9,2,2
CCCCCCCCCCCCCCCCCCCCCCCCCC(=O)NC(COP(=O)(O)OC1C(O)C(O)C(O)C(O)C1OC1OC(COP(=O)(O)OC2C(O)C(O)C(O)C(O)C2O)C(O)C(O)C1O)C(O)C(O)CCCCCCCCCCCCCC,2521,2,62
Nc1ncnc2c1ncn2[C@@H]1O[C@H](COP(=O)([O-])OS(=O)(=O)[O-])[C@@H](OP(=O)([O-])[O-])[C@H]1O,2160,2,10
O=P(O)(O)OCC(O)C(O)c1cnc[nH]1,2237,2,6
O=CCCl,77,2,2
Clc1ccccc1,31,2,6
CC(C)=CCC/C(C)=C/CC/C(C)=C/CC/C=C(\C)CC/C=C(\C)CC[C@@H]1OC1(C)C,276,2,30
O=C([O-])/C=C\C(=O)CC(=O)CC(=O)[O-],1622,2,8
CCCCCCCC/C=C\CCCCCCCC(=O)O[C@H](COC(=O)CCCCCCCCCCCCCCCCC)COP(=O)([O-])O[C@@H]1[C@H](O)[C@H](OP(=O)([O-])[O-])[C@@H](OP(=O)([O-])[O-])[C@H](O)[C@H]1O,2743,2,45
COC1=CC(=O)C=C(C/C=C(\C)CC/C=C(\C)CC/C=C(\C)CC/C=C(\C)CC/C=C(\C)CCC=C(C)C)C1=O,679,2,37
CCCCCCC=CCCCCCCCC(=O)OC(COC(=O)CCCCCCCCCCCCCCCCC)COP(=O)(O)OCC(N)C(=O)O,1306,2,40
CCOC(=O)CC,96,2,5
CCCCCC/C=C\CCCCCCCC(=O)OC[C@H](COC(=O)CCCCCCCCCCCCCCCCC)OC(=O)CCCCCCC/C=C\CCCCCC,345,2,53
C=C(C)CCOP(=O)([O-])OP(=O)([O-])[O-],648,2,5
CCCCCCCC/C=C\CCCC(=O)CC(=O)SCCNC(=O)CCNC(=O)[C@H](O)C(C)(C)COP(=O)([O-])OP(=O)([O-])OC[C@H]1O[C@@H](n2cnc3c(N)ncnc32)[C@H](O)[C@@H]1OP(=O)([O-])[O-],3417,2,37
CC(=O)OCc1ccccc1,146,2,9
C[NH2+]C(CCc1nc(C[C@H]([NH3+])C(=O)[O-])c[nH]1)C(=O)[O-],2179,2,11
CCCCCCC=CCCCCCCCC(=O)OCC(COP(=O)(O)OCC(O)COP(=O)(O)OCC(COC(=O)CCCCCCCCCCCCCCC)OC(=O)CCCCCCCC=CCCCCCC)OC(=O)CCCCCCCC=CCCCCCCCC,2255,2,75
CC(C)CCOC(=O)Cc1ccccc1,255,2,13
CCCCCC/C=C\CCCCCCCCCC(=O)OC[C@H](COP(=O)(O)OP(=O)(O)OC[C@H]1O[C@@H](n2ccc(N)nc2=O)C(O)[C@H]1O)OC(=O)CCCCCCCCC/C=C\CCCCCC,2359,1,48
CCOC(=O)[C@@H](N)CCSC,328,1,7
CCCCCCCC/C=C\CCCCCCCC(=O)OC[C@@H](COC(=O)CCCCCCCCCCCCCCC)OC(=O)CCCCCCCCCCCCCCCCC,345,1,55
Nc1c(NCC([O-])C([O-])C([O-])COP(=O)([O-])[O-])[nH]c(=O)[nH]c1=O,1272,1,9
CC(C)=CCOP(=O)([O-])OP(=O)([O-])[O-],454,1,5
Nc1ncnc2c1ncn2[C@@H]1O[C@H](COP(=O)([O-])OP(=O)([O-])OC[C@H]2O[C@@H]3OP(=O)([O-])O[C@@H]3[C@@H]2O)[C@@H](O)[C@H]1O,2358,1,15
C[n+]1cccc(C(N)=O)c1,287,1,7
CCOP(=O)(O)O,245,1,2
O=P(O)(O)OC1C(O)C(OP(=O)(O)O)C(OP(=O)(O)O)C(OP(=O)(O)O)C1OP(=O)(O)O,1951,1,6
CC(C)=CCC/C(C)=C\COP(=O)([O-])OP(=O)([O-])[O-],794,1,10
CCCCCC/C=C\CCCCCCCC(=O)O[C@H](COC(=O)CCCCCCCCCCCCCCC)COC(=O)CCCCCCCCCCCCCCCCC,345,1,53
CCCCCCCC/C=C\CCCCCCCC(=O)O[C@H]1CC[C@@]2(C)C(=CC=C3[C@@H]2CC[C@@]2(C)[C@H]3CC[C@@H]2[C@H](C)/C=C/[C@H](C)C(C)C)C1,329,1,46
CCCCCCC=CCCCCCCCCCC(=O)OC(COC(=O)CCCCCCCC=CCCCCCCCC)COC(=O)CCCCCCCC=CCCCCCCCC,344,1,57
C#N,15,1,1
CCCC[C@H]([NH3+])C(=O)[O-],1621,1,6
CCCCC/C=C\C[C@H](O)/C=C/C=C/C=C\[C@@H](O)CCCC(=O)O,1908,1,20
CC[C@H](O)CO,1038,1,4
NC(=O)c1ccccc1,49,1,7
C[Se](=O)O,2,1,1
CCCCCC/C=C\CCCCCCCC(=O)OC[C@@H](COC(=O)CCCCCCC/C=C\CCCCCCCC)OC(=O)CCCCCCC/C=C\CCCCCC,344,1,53
CCOC(=O)c1cccnc1,105,1,8
Cc1nc2c(=O)[n-]c(=O)nc-2n(C[C@H](O)[C@H](O)[C@H](O)CO)c1C,1543,1,13
C=CC(N)=O,67,1,3
CC(C)CCOC(=O)C(C)C,174,1,9
Cc1ncc(CO)c(C)c1O,1295,1,8
CCCCCCCC/C=C\CCCCCCCC(=O)OC[C@H](COC(=O)CCCCCCCCCCCCCCC)OC(=O)CCCCCCCCCCCCCCC,345,1,53
O=C(O)c1ccccc1NC1OC(COP(=O)(O)O)C(O)C1O,2520,1,12
CC1=C(O)C(=O)OC1C,588,1,6
CCS,4,1,2
C/C=C/c1ccc(O)c(OC)c1,882,1,10
CCCCCCCCCCCCCCCCCCCCCC(O)C(O)C(=O)N[C@@H](COP(=O)(O)O[C@H]1[C@H](O[C@@H]2O[C@H](COP(=O)(O)O[C@H]3[C@H](O)[C@@H](O)[C@H](O)[C@@H](O)[C@H]3O)[C@@H](O)[C@H](O)[C@@H]2O)[C@@H](O)[C@H](O)[C@@H](O)[C@H]1O)[C@H](O)C(O)CCCCCCCCCCCCCC,2580,1,60
CC(C)(COP(=O)(O)OP(=O)(O)OCC1OC(n2cnc3c(N)ncnc32)C(O)C1OP(=O)(O)O)C(O)C(=O)NCCC(=O)NCCSC(=O)CCCCCC(=O)O,3671,1,28
CCCCCCC=CCCCCCCCC(=O)OCC(COC(=O)CCCCCCCCCCCCCCC)OC(=O)CCCCCCCCCCCCCCC,345,1,51
CC(C)CCOC(=O)C(C)O,1283,1,8
CCOC(=O)CCC(=O)OCC,184,1,8
CCCCCCCCCCCCCCCCCCCCCCCC(O)C(O)C(=O)NC(COP(=O)(O)OC1C(O)C(O)C(O)C(O)C1OC1OC(COP(=O)(O)OC2C(O)C(O)C(O)C(O)C2O)C(O)C(O)C1O)C(O)C(O)CCCCCCCCCCCCCC,2580,1,62
O=CNC(Cc1ccc(O)cc1)C(=O)O,1713,1,10
CCCCCCC=CCCCCCCCC(=O)OC(COC(=O)CCCCCCCCCCCCCCCCC)COP(=O)([O-])OCC[N+](C)(C)C,1090,1,42
Cc1ncc(C[n+]2csc(CCOP(=O)([O-])OP(=O)([O-])OP(=O)([O-])[O-])c2C)c(N)n1,1321,1,12
CC(C)=CCCC(C)C1CC=C2C3=C(CCC21C)C1(C)CCC(O)C(C)(C)C1CC3,871,1,29
N#CN,1,1,1
CCCCCCCC/C=C\CC(=O)CC(=O)SCCNC(=O)CCNC(=O)[C@H](O)C(C)(C)COP(=O)([O-])OP(=O)([O-])OC[C@H]1O[C@@H](n2cnc3c(N)ncnc32)[C@H](O)[C@@H]1OP(=O)([O-])[O-],3416,1,35
CCOC(=O)c1ccc(OCC)cc1,248,1,11
[NH3+]Cc1[nH]cc(CCC(=O)[O-])c1CC(=O)[O-],1871,1,10
CCCCCC/C=C\CCCCCCCC(=O)O[C@H]1CC[C@]2(C)C3=C(CC[C@H]2C1(C)C)[C@]1(C)CC[C@H]([C@H](C)CCC=C(C)C)[C@@]1(C)CC3,379,1,46
C=C(O[C@@H]1CC(C(=O)[O-])=C[C@@H](OP(=O)([O-])[O-])[C@H]1O)C(=O)[O-],2707,1,10
Cc1ccc(C(=O)O)c(C)c1,331,1,9
Nc1nc(NCC([O-])C([O-])C([O-])COP(=O)([O-])[O-])c(N)c(=O)[nH]1,1310,1,9
CCOC(=O)C(C)CC,91,1,7
O=P([O-])([O-])OC[C@H]1OC(O)C[C@@H](O)[C@@H]1O,2874,1,6
NC(=O)c1ncn([C@H]2O[C@@H](COP(=O)(O)O)[C@H](O)[C@@H]2O)c1/N=C/NCC(=O)[C@H](O)[C@H](O)COP(=O)(O)O,2442,1,15
C=CC1=C(C)C2=Cc3c(C=C)c(C)c4n3[Fe-2]35n6c(c(C)c(CCC(=O)[O-])c6=CC6=[N+]3C(=C4)C(C)=C6CCC(=O)[O-])=CC1=[N+]25,1268,1,34
O=c1[nH]c(=O)c2[nH]c(=O)[nH]c2[nH]1,306,1,5
CC(O)C(O)C1CN=C2N=C(N)NC(=O)C2(O)N1,1300,1,9
Cc1ncc(CO)c(=O)[nH]1,1266,1,6
CCCCCCCCCCCCCCCCCCCCCCC(O)C(=O)N[C@@H](CO)[C@H](O)CCCCCCCCCCCCCCC,1741,1,42
CCC(=O)C(O)CC,836,1,6
[C-]#N,18,1,1
O=P(O)(O)OC[C@H]1O[C@@](O)(CO)[C@@H](O)[C@H](O)[C@@H]1O,1926,1,7
Cc1nc(C(=O)[O-])sc1CCOP(=O)([O-])[O-],1950,1,7
O=C1C[C@@](O)(C(=O)[O-])C[C@@H](O)[C@@H]1O,2538,1,7
CCCCCC/C=C\CCCCCCCC(=O)O[C@H](COC(=O)CCCCCCC/C=C\CCCCCCCC)COP(=O)([O-])OCC[N+](C)(C)C,1090,1,42
CCCCCCCC/C=C\CCCCCCCC(=O)O[C@H]1CC[C@]2(C)C3=C(CC[C@H]2C1(C)C)[C@]1(C)CC[C@H]([C@H](C)CCC=C(C)C)[C@@]1(C)CC3,379,1,48
NC(CP(=O)(O)O)C(=O)O,943,1,3
C=CC1=C(C)c2cc3[nH]c(cc4nc(cc5[nH]c(cc1n2)c(C)c5CCC(=O)[O-])C(CCC(=O)[O-])=C4C)c(C)c3C=C,1753,1,34
O=C(O)CCCC[C@H]1CCSS1,742,1,8
CCCCCCCCCCCCCCCCCCCCCCCC[C@H](O)C(=O)N[C@@H](CO)[C@H](O)CCCCCCCCCCCCCCC,1741,1,44
O=C(O)C(CO)c1ccccc1,1433,1,9
NCCSP(=O)(O)O,504,1,2
CCCCOC(=O)C(C)C,179,1,8
NC(=O)c1ncn(C2OC(COP(=O)([O-])[O-])C(O)C2O)c1N=CNC1OC(COP(=O)([O-])[O-])C(O)C1O,2087,1,15
CC(C)=CCCC(C)=CCCC(C)=CCCC(C)=CCCC(C)=CCCC(C)=CCCC(C)=CCCC(C)=CCCC(C)=CCCC(C)=CCCC(C)=CCCC(C)=CCCC(C)=CCCC(C)=CCCC(C)=CCCC(C)=CCCC(C)=CCCC(C)=CCCC(C)=CCCC(C)=CCOP(=O)(O)OP(=O)(O)O,434,1,100
CCCCCCC=CCCCCCCCC(=O)OC1CCC2(C)C(=CC=C3C2CCC2(C)C3CCC2C(C)C=CC(C)C(C)C)C1,329,1,44
Cc1ncc(COP(=O)([O-])OP(=O)([O-])[O-])c(N)n1,1408,1,6
CC(C)(COP(=O)(O)OP(=O)(O)OC[C@H]1O[C@@H](n2cnc3c(N)ncnc32)[C@H](O)[C@@H]1O)C(O)C(=O)NCCC(=O)NCCS,2561,1,21
O=C(O)C1=CC(OP(=O)(O)O)C(O)C(O)C1,2878,1,7
O=Cc1ccc2c(c1)OCO2,223,1,8
[NH3+]/C(C(=O)[O-])=C(\C=C\C=O)C(=O)[O-],1099,1,7
CC(=O)O[C@@H]1[C@@H](COP(=O)([O-])OP(=O)([O-])OC[C@H]2O[C@@H](n3cnc4c(N)ncnc43)[C@H](O)[C@@H]2O)OC(O)[C@@H]1O,2612,1,17
Cc1ccc(O)c([N+](=O)[O-])c1,814,1,7
Cc1cccs1,0,0,5
COc1cc(-c2[o+]c3cc(O)cc(O)c3cc2OC2OC(CO)C(O)C(O)C2O)ccc1O,3079,0,22
CCC(CCO)C(C)C,607,0,8
CSCSC,6,0,3
O=C(O[C@@H]1Cc2c(O)cc(O)cc2O[C@H]1c1ccc(O)c(O)c1)c1cc(O)c(O)c(O)c1,1035,0,22
C=C/C=C/CCCC,28,0,8
Cc1ccccc1C,31,0,8
Cn1cnc(N)c2ncnc1-2,98,0,6
OC[C@@H](O)[C@H]1OC(O)[C@H](O)[C@H](O)[C@H]1O,2259,0,7
C=CCc1cc(OC)c(O)c(OC)c1,898,0,11
Cc1cscn1,7,0,4
CC(O)C(C)(C)C,88,0,6
CC(C)=CCCC(C)=CCCC(C)=CCCC(C)=CCCC(C)=CCCC(C)=CCCC(C)=CCCC(C)=CCOP(=O)(O)OP(=O)(O)O,808,0,40
N=C(NC=O)NC1OC(OP(=O)(O)O)C(O)C1O,1605,0,6
CC(C)=CCOP(=O)([O-])[O-],464,0,5
CC(C)c1ccccc1,18,0,9
CCc1nc(C)sc1C,9,0,7
O=C(/C=C/c1ccc(O)cc1)OCC1O[C@@H](Oc2cc3c(O)cc(O)cc3[o+]c2-c2cc(O)c(O)c(O)c2)C(O)C(O)[C@H]1O,2768,0,30
CN1CN=c2c(ncn2[C@@H]2O[C@H](CO)[C@@H](O)[C@H]2O)=C1N,1092,0,11
C=C(C)c1ccc(C)cc1,28,0,10
CCCCCCC=CCCCCCCCC(=O)OC(COC(=O)CCCCCCCCCCCCCCC)COP(=O)(O)OCC(O)COP(=O)(O)OCC(COC(=O)CCCCCCCCCCCCCCCCC)OC(=O)CCCCCCCC=CCCCCCC,1623,0,75
C=CC1=C(C)c2cc3nc(cc4[nH]c(cc5[n-]c(cc1n2)c(C)c5C)c(C)c4CCC(=O)[O-])C(CCC(=O)O)=C3C,1748,0,33
O=P(O)(O)O[C@@H]1[C@@H](OP(=O)(O)O)[C@H](OP(=O)(O)OP(=O)(O)O)[C@@H](OP(=O)(O)OP(=O)(O)O)[C@H](OP(=O)(O)O)[C@@H]1OP(=O)(O)O,1347,0,6
CC(C)=CCCC(C)=CCCC(C)=CCCC(C)=CCCC(C)=CCCC(C)=CCCC(C)=CCOP(=O)(O)OP(=O)(O)O,808,0,35
CC(C)SC(C)C,5,0,6
CC(C)=CCCC(C)=CCCC(C)=CCCC(C)=CCCC(C)=CCCC(C)=CCCC(C)=CCCC(C)=CCCC(C)=CCCC(C)=CCCC(C)=CCCC(C)=CCCC(C)=CCCC(C)=CCCC(C)=CCCC(C)=CCCC(C)=CCCC(C)=CCCC(C)=CCCC(C)=CCCC(C)=CCOP(=O)(O)OP(=O)(O)O,434,0,105
C=Cc1c(C)c2cc3[nH]c(cc4nc(cc5nc(cc1[nH]2)C(C)=C5CCC(=O)O)C(CCC(=O)O)=C4C)c(C)c3C=C,1151,0,34
NC1COC(OP(=O)(O)OP(=O)(O)OCC2OC(n3ccc(O)nc3=O)C(O)C2O)C(O)C1O,2870,0,14
Nc1nc2c(c(=O)[nH]1)N=C(COP(=O)([O-])OP(=O)([O-])[O-])CN2,1434,0,7
CCOC(=O)CC(=O)OCC,197,0,7
CC(C)=CCCC(C)=CCCC(C)=CCCC(C)=CCCC(C)=CCCC(C)=CCCC(C)=CCCC(C)=CCCC(C)=CCCC(C)=CCCC(C)=CCCC(C)=CCCC(C)=CCCC(C)=CCCC(C)=CCCC(C)=CCCC(C)=CCCC(C)=CCOP(=O)(O)OP(=O)(O)O,434,0,90
CC(=O)N[C@H]1[C@H](O[C@@H]2[C@@H](CO)O[C@@H](OP(=O)(O)OP(=O)(O)OCCC(C)CC/C=C(\C)CC/C=C(\C)CC/C=C(\C)CC/C=C(\C)CC/C=C(\C)CC/C=C(\C)CC/C=C(\C)CC/C=C(\C)CC/C=C(\C)CC/C=C(\C)CC/C=C(\C)CC/C=C(\C)CC/C=C(\C)CC/C=C(\C)CCC=C(C)C)[C@H](NC(C)=O)[C@H]2O)O[C@H](CO)[C@@H](O[C@@H]2O[C@H](CO[C@H]3O[C@H](CO[C@H]4O[C@H](CO)[C@@H](O)[C@H](O)[C@@H]4O[C@H]4O[C@H](CO)[C@@H](O)[C@H](O)[C@@H]4O)[C@@H](O)[C@H](O[C@H]4O[C@H](CO)[C@@H](O)[C@H](O)[C@@H]4O[C@H]4O[C@H](CO)[C@@H](O)[C@H](O)[C@@H]4O)[C@@H]3O)[C@@H](O)[C@H](O[C@H]3O[C@H](CO)[C@@H](O)[C@H](O)[C@@H]3O[C@H]3O[C@H](CO)[C@@H](O)[C@H](O)[C@@H]3O[C@H]3O[C@H](CO)[C@@H](O)[C@H](O[C@H]4O[C@H](CO)[C@@H](O)[C@H](O)[C@H]4O)[C@@H]3O)[C@@H]2O)[C@@H]1O,3119,0,156
CC1=CC(=O)CC(C)(C)C1=O,471,0,9
CSCCCCO,682,0,5
CCCCCc1ccccc1,66,0,11
O=C(O)OCC1OC(Oc2cc3c(O)cc(O)cc3[o+]c2-c2ccc(O)c(O)c2)C(O)C(O)C1O,2801,0,22
CCCCCC/C=C\CCCCCCCC(=O)O[C@H](COC(=O)CCCCCCC/C=C\CCCCCCCC)COP(=O)(O)OC[C@H](O)COP(=O)(O)OC[C@@H](COC(=O)CCCCCCCCCCCCCCC)OC(=O)CCCCCCC/C=C\CCCCCC,2255,0,75
CCOC(=O)CSC,145,0,5
C[C@@H]1O[C@@H](Oc2cc(O)c3c(=O)c(O[C@@H]4O[C@H](CO)[C@@H](O)[C@H](O)[C@H]4O)c(-c4ccc(O)cc4)oc3c2)[C@H](O)[C@H](O)[C@H]1O,2839,0,27
CC(C)(C)c1ccc(O)c(C(C)(C)C)c1,597,0,14
Oc1ccc([C@H]2Oc3cc(O)cc4c3[C@@H]2c2cc(O)cc(O)c2[C@@H](c2ccc(O)cc2)[C@@H]4[C@@H]2c3cc(O)cc4c3[C@H](c3cc(O)cc(O)c3[C@H]2c2ccc(O)cc2)[C@@H](c2ccc(O)cc2)O4)cc1,817,0,56
OC[C@H]1O[C@@H](O[C@@H]2[C@@H](O)[C@H](O[C@@H]3[C@@H](O)C(O)O[C@H](CO)[C@H]3O)O[C@H](CO)[C@H]2O)[C@H](O)[C@@H](O)[C@@H]1O,2167,0,18
CC(C)Cc1nccs1,9,0,7
O=CN[C@H]1CO[C@H](OP(=O)([O-])OP(=O)([O-])OC[C@H]2O[C@@H](n3ccc(=O)[nH]c3=O)[C@H](O)[C@@H]2O)[C@H](O)[C@H]1O,2683,0,15
CC(CC(=O)[O-])c1ccccc1,1008,0,10
Cc1cc(C(C)(C)C)c(O)c(C(C)(C)C)c1,611,0,15
CC(=O)OC(COP(=O)(O)O[C@@H]1[C@H](O)[C@H](OP(=O)(O)O)[C@@H](OP(=O)(O)O)[C@H](OP(=O)(O)O)[C@H]1O)OC(C)=O,1864,0,12
CN1CC(=O)NC1=N,271,0,4
O=C(O)CC(COP(=O)(O)OC1C(O)C(O)C(O)C(OP(=O)(O)O)C1O)C(=O)O,1620,0,11
CCCCCC/C=C\CCCCCCCC(=O)O[C@@H](COC(=O)CCCCCCC/C=C\CCCCCCCC)COC(=O)CCCCCCCCC/C=C/CCCCCC,344,0,55
CCc1ccco1,5,0,6
CC(C)(C#N)c1cc(Cn2cncn2)cc(C(C)(C)C#N)c1,45,0,17
CCCCCCCCC=O,322,0,9
CC(=O)CS,91,0,3
CC(C)=CCS,31,0,5
CC(=O)c1ccc(C)cc1,118,0,9
CCc1nc(C(C)C)sc1C,7,0,9
C=C(C)C(=O)OCCCC,175,0,8
c1ccc(-c2ccccc2)cc1,37,0,12
C=CC(O)CC,151,0,5
O=C(O)c1ccc(O)o1,971,0,5
c1ccsc1,0,0,4
CC(C)=CCCC(C)=CCCC(C)=CCCC(C)=CCCC(C)=CCCC(C)=CCCC(C)=CCCC(C)=CCCC(C)=CCCC(C)=CCCC(C)=CCCC(C)=CCCC(C)=CCCC(C)=CCCC(C)=CCCC(C)=CCCC(C)=CCOP(=O)(O)OP(=O)(O)O,434,0,85
CCc1ocnc1C,9,0,6
Oc1cc(O)c2c(c1)O[C@@H](c1ccc(O)c(O)c1)[C@@H](O)C2,1957,0,15
CC(=O)c1cccs1,18,0,6
CC(=O)OC(C)c1ccccc1,161,0,10
CCC1(C)N=C(C)CS1,22,0,7
Cc1ccccn1,47,0,6
c1ccc2ccccc2c1,32,0,10
Cc1ccc(C)c(C)c1C,29,0,10
Cc1ccc2c(c1)C=CCC2(C)C,112,0,13
CN(C)C=O,5,0,3
Cc1occc1SSc1ccoc1C,3,0,10
C=CC1=C(C)C(C=c2[nH]c(=Cc3[nH]c(C=C4NC(=O)C(C)=C4C=C)c(C)c3CCC(=O)O)c(CCC(=O)O)c2C)=NC1=O,1092,0,33
C=CC1(C)CCC(C(C)(C)O)O1,347,0,10
CCOC(=O)c1ccc[nH]1,118,0,7
O=C1CCCO1,142,0,4
CC1(CC(=O)O)c2cc3nc(cc4[nH]c(cc5[nH]c(cc(n2)C1CCC(=O)O)c(CC(=O)O)c5CCC(=O)O)c(CCC(=O)O)c4CC(=O)O)C(C)(CC(=O)O)C3CCC(=O)O,1218,0,42
CCC1CCC(=O)O1,246,0,6
Cc1ccc(C=O)s1,46,0,6
CCc1cccc(C)c1O,664,0,9
CCCC1CCCC(=O)O1,243,0,8
CC(=O)c1ccco1,39,0,6
CC(O)(C(=O)O)c1ccccc1,708,0,9
Nc1ncnc2c1ncn2[C@@H]1O[C@H](COP(=O)(O)OC(=O)CCCCC2CCSS2)[C@@H](O)[C@H]1O,2138,0,18
CCCC1CCC(=O)O1,246,0,7
CC(=O)NCCC(C)C,107,0,7
COc1ccc(COC=O)cc1,409,0,9
C[C@@H](O)[C@H](NC(=O)OP(=O)([O-])OC[C@H]1O[C@@H](n2cnc3c(N)ncnc32)[C@H](O)[C@@H]1O)C(=O)[O-],2509,0,15
CCCCCc1cccs1,15,0,9
CCCc1cnc(C)cn1,26,0,8
CC(C)=CCCC(C)=CCCC(C)=CCCC(C)=CCCC(C)=CCCC(C)=CCCC(C)=CCCC(C)=CCCC(C)=CCCC(C)=CCCC(C)=CCCC(C)=CCCC(C)=CCCC(C)=CCCC(C)=CCCC(C)=CCCC(C)=CCCC(C)=CCCC(C)=CCCC(C)=CCCC(C)=CCCC(C)=CCOP(=O)(O)OP(=O)(O)O,434,0,110
Clc1ccc(Cl)cc1,31,0,6
CC(=O)CCC=C(C)C,454,0,8
O=c1oc2c(O)c(O)cc3c(=O)oc4c(O)c(O)cc1c4c23,951,0,14
Nc1nc(NC2OC(COP(=O)([O-])[O-])C([O-])C2[O-])c(N)c(=O)[nH]1,1308,0,9
ClCc1ccccc1,13,0,7
C=CCc1ccc(O)c(OC)c1,881,0,10
CC(C)=CCC/C(C)=C/CC/C(C)=C/CC/C(C)=C/CC/C(C)=C/CC/C(C)=C/CC/C(C)=C/CC/C(C)=C/CC/C(C)=C/CC/C(C)=C/CC/C(C)=C/CC/C(C)=C/CC/C(C)=C/COP(=O)([O-])OP(=O)([O-])[O-],808,0,65
CCc1ncc(C)nc1C,24,0,8
CCCCCc1ccco1,98,0,9
CC1=CCC(C(C)C)=CC1,126,0,10
COc1cc(-c2oc3cc(O)cc(O)c3c(=O)c2O)ccc1O,1404,0,16
CC(C)=CCC/C(C)=C/CC/C(C)=C\CC/C(C)=C\CC/C(C)=C/CC/C(C)=C/CC/C(C)=C/CC/C(C)=C/CC/C(C)=C/CC/C(C)=C/COP(=O)([O-])OP(=O)([O-])[O-],808,0,50
COc1cc(-c2[o+]c3cc(O)cc([O-])c3cc2[O-])cc(OC)c1O,1323,0,17
CC(C)=C[C@@H]1C[C@@H](C)CCO1,188,0,10
NC(=O)c1nn(C2OC(COP(=O)(O)O)C(O)C2O)cc1NC=O,1235,0,10
CC(C)=CCCC(C)=CCCC(C)=CCCC(C)=CCCC(C)=CCCC(C)=CCCC(C)=CCCC(C)=CCCC(C)=CCOC(=O)c1ccc(O)cc1,838,0,52
C[C@@]1(CC(=O)[O-])/C2=C/c3[nH]c(c(CCC(=O)[O-])c3CC(=O)[O-])Cc3[nH]c(c(CC(=O)[O-])c3CCC(=O)[O-])Cc3[nH]c(c(CC(=O)[O-])c3CCC(=O)[O-])CC(=N2)[C@H]1CCC(=O)[O-],1654,0,41
C1CSCN1,33,0,3
O=c1c(O[C@@H]2O[C@H](CO)[C@H](O)[C@H](O)[C@H]2O)c(-c2cc(O)c(O)c(O)c2)oc2cc(O)cc(O)c12,3043,0,21
CCCCCCCC1CCCC(=O)O1,239,0,12
CCc1cnc(C)s1,10,0,6
Nc1ccn([C@@H]2O[C@H](COP(=O)([O-])OP(=O)([O-])OC[C@@H](O)[C@@H](O)[C@@H](O)CO)[C@@H](O)[C@H]2O)c(=O)n1,2243,0,14
CSCCO,499,0,3
Cc1csc(C(C)C)n1,4,0,7
CC1(C)C2=CC=CC(C)(C)C23C=CC1C3,134,0,15
CC(C)=CCC/C(C)=C/CC/C(C)=C/CC/C(C)=C\CC/C(C)=C\CC/C(C)=C\CC/C(C)=C\CC/C(C)=C\CC/C(C)=C\COP(=O)(O)OP(=O)(O)O,808,0,45
Oc1cc(O)c2c(c1)O[C@H](c1ccc(O)c(O)c1)[C@@H](O)C2O,1840,0,15
O=P([O-])([O-])O[C@@H]1[C@@H](OP(=O)([O-])[O-])[C@@H](O)[C@@H](OP(=O)([O-])[O-])[C@H](OP(=O)([O-])[O-])[C@H]1O,1999,0,6
C/C=C/c1ccc(OC)cc1,286,0,10
Cc1sccc1S,2,0,5
C/C=C(\C=O)CSC,175,0,6
CC(=O)C1=NCCC1,53,0,6
N=c1c2ncn(C3OC(COP(=O)([O-])[O-])C(O)C3O)c2ncn1C1OC(COP(=O)([O-])[O-])C(O)C1O,2143,0,15
Cc1occc1S,6,0,5
CC(C)CCOC(=O)c1ccco1,261,0,10
CC(C(=O)NCCC(=O)NCCS)C(C)(C)COP(=O)([O-])[O-],1601,0,12
CC(=O)c1nccs1,37,0,5
COCc1ccco1,25,0,6
O=C(O)CCCc1c[nH]c2ccccc12,1755,0,12
CC=CC=C1C(C)=CC(=O)CC1(C)C,466,0,13
O=C([O-])Cc1cccs1,547,0,6
NC(CCCNN=CNC(CC(=O)O)C(=O)O)C(=O)O,1012,0,10
C=CC(C)=CCCC(C)(C)O,382,0,10
CCOC(=O)CCC(C)=O,552,0,7
c1ccc2c(c1)CCCC2,41,0,10
CCCCCCCC1CCC(O)O1,1163,0,11
CCCC(S)CCO,835,0,6
CCCCCC/C=C\CCCCCCCC(=O)OC[C@H](COP(=O)(O)OC[C@H](O)COP(=O)(O)OC[C@@H](COC(=O)CCCCCCC/C=C\CCCCCC)OC(=O)CCCCCCC/C=C\CCCCCCCC)OC(=O)CCCCCCC/C=C\CCCCCC,2255,0,75
CC1SCCC1=O,304,0,5
Oc1ccc(C2c3c(O)cc(O)cc3C3C(c4ccc(O)cc4)c4c(O)cc(O)cc4C23)cc1,717,0,28
OCCOc1ccccc1,966,0,8
N[C@@H](C[SH](=O)=O)C(=O)O,767,0,3
O=C(C=Cc1ccc(O)cc1)OCC1OC(Oc2cc3c(O)cc(O)cc3[o+]c2-c2ccc(O)c(O)c2)C(O)C(O)C1O,2819,0,30
COc1cc(C2=C(OC3OC(CO)C(O)C(O)C3O)c3c(C=O)c(=O)oc4cc(O)cc(c34)[OH+]2)cc(OC)c1O,2929,0,26
Cc1ccc(C)o1,14,0,6
CC(=O)c1ccc(C)o1,42,0,7
CCCCCCC=CCCCCCCCC(=O)OC(COC(=O)CCCCCCCC=CCCCCCCCC)COP(=O)(O)OCC(O)COP(=O)(O)OCC(COC(=O)CCCCCCCCCCCCCCC)OC(=O)CCCCCCCC=CCCCCCCCC,2255,0,77
CC1=C2N=C(C=C3N=C(C(C)=C4[N-]C(C)(C5N=C1C(C)(CCC(=O)NCC(C)OP(=O)([O-])OC1C(CO)OC(n6cnc7cc(C)c(C)cc76)C1O)C5CC(N)=O)C(C)(CC(N)=O)C4CCC(N)=O)C(C)(CC(N)=O)C3CCC(N)=O)C(C)(C)C2CCC(N)=O,2479,0,62
CSc1ccsc1,2,0,5
O=C(O)C(O)c1ccc2c(c1)OCO2,1186,0,9
CCCCc1ccco1,39,0,8
Cc1cccc(C)c1C,29,0,9
Cc1ncc(CN2C=CC=C(CCO)C2C)c(N)n1,856,0,14
CCCCC=CC=CC=O,242,0,9
Cc1nc(C(C)C)cs1,4,0,7
COc1c(Br)cc(Br)cc1Br,282,0,7
CCCCCCCCCCCCCCCCCCCCCCCC(O)C(O)C(=O)NC(CO)C(O)C(O)CCCCCCCCCCCCCC,1890,0,44
CCC(=O)C(C)=O,156,0,5
CCOC(C)OCC,24,0,6
CCOC(=O)C(O)C(O)C(=O)OCC,1159,0,8
OCc1ccco1,499,0,5
C/C=C/SC,3,0,4
ClC(Cl)=C(Cl)Cl,1,0,2
O=C(O)C1C=CC=[N+]([C@@H]2O[C@H](COP(=O)([O-])O)[C@@H](O)[C@H]2O)C1,1987,0,11
COc1cc(-c2[o+]c3cc(O)cc(O)c3cc2OC2OC(COC(=O)C=Cc3ccc(O)cc3)C(O)C(O)C2O)cc(OC)c1O,3001,0,32
C=COCC,0,0,4
CCc1cc(C)ccc1C,55,0,10
CC(C)=CCCC(C)=CCCC(C)=CCCC(C)=CCOP(=O)([O-])OP(=O)([O-])[O-],806,0,20
CCCCCC/C=C/C=O,329,0,9
CC=CC(=O)C1=C(C)C=CCC1(C)C,343,0,13
COc1cc(-c2[o+]c3cc(O)cc(O)c3cc2O[C@@H]2OC(CO)[C@@H](O)C(O)C2O)cc(O)c1O,2883,0,22
Cc1cnc(C(C)C)cn1,33,0,8
CC1CCCC2(C)CCCCC12O,387,0,12
CCCCC1OC(=O)CC1C,286,0,9
CN(C)C(=[NH2+])NCCC[C@H]([NH3+])C(=O)[O-],1530,0,8
CCc1ccccc1C,36,0,9
CCCC(S)CCOC(C)=O,356,0,8
CCOc1cc(C=O)ccc1O,926,0,9
CCCCCCCCCCCCCCCCOCC(COP(=O)(O)OCCN)OC(=O)CCCCCCCCCCCCCCC,1496,0,37
O=C(O)C(=O)C(O)c1ccccc1,1755,0,9
C[C@@H]1O[C@@H](O[C@@H]2C(=O)c3c(O)cc(O)cc3O[C@H]2c2ccc(O)c(O)c2)[C@H](O)[C@H](O)[C@H]1O,2367,0,21
COc1cc(C2=C(OC3OC(CO)C(O)C(O)C3O)C3=CCOc4cc(O)cc(c43)[OH+]2)cc(OC)c1O,2649,0,25
C=C1C=CCC(C)(C)C12CCC(C)O2,172,0,13
COc1nccnc1C(C)C,279,0,8
Cc1ccc(C)c2occc12,69,0,10
CC1=CC2OCC(C)C2CC1,175,0,10
CCCCCCCCCCCCCCCCCCCCCCCCC(O)C(=O)NC(CO)C(O)C(O)CCCCCCCCCCCCCC,1855,0,44
O=C(O)[C@H]1O[C@@H](Oc2c(-c3ccc(O)cc3)oc3cc(O)cc(O)c3c2=O)[C@H](O)[C@@H](O)[C@@H]1O,2558,0,21
O=c1c(O)c(-c2ccc(O)c(O)c2)oc2cc(O)cc(O)c12,1171,0,15
COc1nccnc1CC(C)C,302,0,9
CCc1ccccc1C=CC(=O)[O-],635,0,11
CC(C)=CCCC(C)=CCCC(C)=CCCC(C)=CCCC(C)=CCCC(C)=CCCC(C)=CCCC(C)=CCCC(C)=CCCC(C)=CCCC(C)=CCCC(C)=CCCC(C)=CCCC(C)=CCCC(C)=CCOP(=O)(O)OP(=O)(O)O,434,0,75
Cc1c(CCC(=O)O)c2cc3[nH]c(cc4nc(cc5nc(cc1[nH]2)C(=O)C5(C)CC(=O)O)C(=O)C4(C)CC(=O)O)c(C)c3CCC(=O)O,1288,0,34
CC1=CCCC(C)(C)C12CCC(C)O2,190,0,13
COc1cc(-c2[o+]c3cc(O)cc(O)c3cc2O[C@@H]2O[C@H](COC(C)=O)[C@@H](O)[C@H](O)[C@H]2O)cc(OC)c1O,3037,0,25
Cc1ncccc1CCO,698,0,8
C=CCCCCCCCCCC,46,0,12
OCC1OC(Oc2cc3c(O)cc(O)cc3[o+]c2-c2cc(O)c(O)c(O)c2)C(O)C(O)C1O,2896,0,21
O=Cc1ccco1,120,0,5
COc1cc(CCC(C)=O)ccc1O,1353,0,11
COc1cc(-c2[o+]c3cc(O)cc(O)c3cc2O[C@@H]2O[C@H](COC(=O)/C=C\c3ccc(O)cc3)[C@@H](O)[C@H](O)[C@H]2O)cc(O)c1O,3008,0,31
Cc1ccc(C)c(C)c1,29,0,9
C=C(C)C(=O)OCC,57,0,6
C=CC1(C)CCCC(C)(C)O1,111,0,10
CCCCCC=CCC=CCC(=O)SCCNC(=O)CCNC(=O)C(O)C(C)(C)COP(=O)(O)OP(=O)(O)OCC1OC(n2cnc3c(N)ncnc32)C(O)C1OP(=O)(O)O,2315,0,33
CCc1ccc(C(C)=O)cc1,99,0,10
O=C([O-])CCc1c2[nH]c(c1CC(=O)[O-])Cc1[nH]c(c(CC(=O)[O-])c1CCC(=O)[O-])Cc1[nH]c(c(CC(=O)[O-])c1CCC(=O)[O-])Cc1[nH]c(c(CCC(=O)[O-])c1CC(=O)[O-])C2,1661,0,40
CC1=C(O)C(=O)C(O)CO1,1827,0,6
COc1c2c(cc(O)c1-c1cc3ccccc3o1)OCO2,996,0,16
CCC(C)CCO,626,0,6
CC1=C(CCC(=O)[O-])c2cc3[nH]c(cc4nc(cc5[nH]c(cc1n2)c(CCC(=O)[O-])c5C)C(C)=C4CCC(=O)[O-])c(CCC(=O)[O-])c3C,1782,0,36
O=C(O)[C@H]1O[C@@H](Oc2c(-c3cc(O)c(O)c(O)c3)oc3cc(O)cc(O)c3c2=O)[C@H](O)[C@@H](O)[C@@H]1O,2582,0,21
COc1cc(-c2oc3cc(O)cc(O)c3c(=O)c2O[C@H]2O[C@@H](CO)[C@H](O)[C@@H](O)[C@@H]2O)ccc1O,3002,0,22
CCC(CC)Nc1cc(C(=O)O)ccc1N1C(=O)CC[C@@]1(CN)CO,1218,0,18
CC1OC(OC2C(=O)c3c(O)cc(O)cc3OC2c2ccc(O)cc2)C(O)C(O)C1O,2331,0,21
CCSSC,3,0,3
OC1CCCCC1,613,0,6
O=C(O)[C@H]1O[C@@H](Oc2c(-c3ccc(O)c(O)c3)oc3cc(O)cc(O)c3c2=O)[C@H](O)[C@@H](O)[C@@H]1O,2595,0,21
O=C([O-])CCc1c2[nH]c(c1CC(=O)[O-])Cc1[nH]c(c(CC(=O)[O-])c1CCC(=O)[O-])Cc1[nH]c(c(CC(=O)[O-])c1CCC(=O)[O-])Cc1[nH]c(c(CC(=O)[O-])c1CCC(=O)[O-])C2,1661,0,40
CC(=O)N[C@H]1[C@@H](OP(=O)([O-])OP(=O)([O-])OCCC(C)CC/C=C(/C)CC/C=C(/C)CC/C=C(/C)CC/C=C(/C)CC/C=C(/C)CC/C=C(/C)CC/C=C(/C)CC/C=C(/C)CC/C=C(/C)CC/C=C(/C)CC/C=C(/C)CC/C=C(/C)CC/C=C(\C)CC/C=C(\C)CCC=C(C)C)O[C@H](CO)[C@@H](O)[C@@H]1O,3097,0,88
CCCCCCCCC(C)CC,65,0,12
CCCCCC1CCCC(=O)O1,238,0,10
OC[C@H]1O[C@@H](Oc2cc(O)cc(/C=C\c3ccc(O)c(O)c3)c2)[C@H](O)[C@@H](O)[C@@H]1O,2621,0,20
CC1CC=C2C(C)(C)CC=CC2(C)O1,151,0,13
C[N+](C)(C)CC(=O)[O-],457,0,5
OCCCc1ccccc1,604,0,9
Oc1cc(O)c2cc(O)c(-c3cc(O)c(O)c(O)c3)[o+]c2c1,1077,0,15
CCCCCC/C=C\CCCCCCCC(=O)O[C@H](COC(=O)CCCCCCCCCCCCCCC)COP(=O)([O-])OCC(O)COP(=O)([O-])OC[C@@H](COC(=O)CCCCCCCCCCCCCCC)OC(=O)CCCCCCC/C=C\CCCCCC,2051,0,73
CCCCCC=CC=CC=O,273,0,10
CC1(C)CCCC2(C)OC(=O)C=C12,207,0,11
Cc1occc(=O)c1O,796,0,6
C/C=C(/C)C1CCC(C)(C)O1,138,0,10
CCCCCCC[C@H]1CCC(=O)O1,225,0,11
C=CC=Cc1c(C)ccc(C)c1C,26,0,13
O=Cc1cccs1,42,0,5
C=C(C)c1ccccc1,19,0,9
Cc1ccsc1,7,0,5
CCCCCC=CCC=CCCCCCCCC(=O)OC(COC(=O)CCCCCCCCCCCCCCCCC)COP(=O)(O)OC1C(O)C(O)C(O)C(OP(=O)(O)O)C1O,2790,0,45
CC1=C(CCC(=O)O)c2cc3[nH]c(cc4nc(cc5[nH]c(cc1n2)c(CCC(=O)O)c5C)C(CCC(=O)O)=C4C)c(CCC(=O)O)c3C,1187,0,36
C=CC1=C(C)/C(=C\c2[nH]c(Cc3[nH]c(/C=C4/NC(=O)C(C)=C4C=C)c(C)c3CCC(=O)O)c(CCC(=O)O)c2C)NC1=O,1706,0,33
CCCCCC/C=C\CCCCCCCC(=O)OC[C@H](COP(=O)(O)OC[C@H](O)COP(=O)(O)OC[C@@H](COC(=O)CCCCCCC/C=C\CCCCCCCC)OC(=O)CCCCCCC/C=C\CCCCCC)OC(=O)CCCCCCC/C=C\CCCCCC,2255,0,75
CO[C@H]1C[C@@H]2CC[C@@H](C)[C@@](O)(O2)C(=O)C(=O)N2CCCC[C@H]2C(=O)O[C@H](C(C)CC2CC[C@@H](O)[C@H](OC)C2)CC(=O)[C@H](C)C=C(C)[C@@H](O)[C@@H](OC)C(=O)[C@@H](C)C[C@H](C)C=CC=CC=C1C,2466,0,51
CCCCCCCCCCCCCCCCOCC(CO)OC(=O)CCCCCCCCCCCCCCC,1227,0,35
CCCCCC1CCC(=O)O1,225,0,9
CC(N)(CO)CO,691,0,4
CCCCCCCCCCCCCCCCCCCCCCC(O)C(=O)NC(CO)C(O)C(O)CCCCCCCCCCCCCC,1855,0,42
CCCC[C@@H](C)O,613,0,6
Cc1ccc(CS)o1,12,0,6
O=COCC(=O)COP(=O)([O-])[O-],1411,0,4
CC1=C(O)C(=O)CC1,821,0,6
O=C(O)CCc1c[nH]c(Cc2[nH]c(Cc3[nH]c(Cc4[nH]c(CO)c(CC(=O)O)c4CCC(=O)O)c(CC(=O)O)c3CCC(=O)O)c(CC(=O)O)c2CCC(=O)O)c1CC(=O)O,1720,0,40
O=COCC(=O)OCCOP(=O)(O)OC1C(O)C(O)C(O)C(O)C1O,1672,0,11
Cc1cncc(C)n1,37,0,6
CC1=CCCC(C)(C)C1C=O,347,0,10
C=CC1(C)CCC(=O)O1,186,0,7
Oc1cc(O)c2cc(O)c(-c3ccc(O)c(O)c3)[o+]c2c1,1094,0,15
CCC[C@@H](N)C(=O)O,1579,0,5
COc1cc(C23Oc4cc(O)ccc4C(C2OC2OC(CO)C(O)C(O)C2O)C(C)(C(C)=O)O3)cc(O)c1O,3222,0,26
COc1c(Cl)cc(Cl)cc1Cl,291,0,7
COc1cc(-c2[o+]c3cc(O)cc([O-])c3cc2O[C@@H]2O[C@H](CO)[C@@H](O)[C@H](O)[C@H]2O)cc(OC)c1O,3105,0,23
CC1=C(O)C(=O)C(C)O1,705,0,6
CSSSSC,0,0,2
COC(=O)CCSC,189,0,5
Cc1cc2c3c(c1C)C(C)(C)CCN3c1c([nH]c(=O)[nH]c1=O)N2C[C@H](O)[C@H](O)[C@H](O)COP(=O)(O)O,1571,0,22
CCOC=O,24,0,3
CC1=C(C)CC(C)(C=O)CC1,302,0,10
CC(C)=CCC/C(C)=C/CC/C(C)=C/CC/C(C)=C/CC/C(C)=C/CC/C(C)=C/COP(=O)([O-])OP(=O)([O-])[O-],808,0,30
Oc1cc(O)cc(C=Cc2ccc(O)c(O)c2)c1,759,0,14
CC(C)=CCC/C(C)=C/CC/C(C)=C/CC/C(C)=C\CC/C(C)=C\CC/C(C)=C\CC/C(C)=C\CC/C(C)=C\CC/C(C)=C\CC/C(C)=C\CC/C(C)=C\CC/C(C)=C\CC/C(C)=C\CC/C(C)=C\CC/C(C)=C\CCC(C)CCOP(=O)([O-])O[C@@H]1O[C@H](CO)[C@@H](O)[C@H](O)[C@H]1O,3063,0,86
C=CC(C)(O)C/C=C/C(=C)C,290,0,10
COc1cc(-c2[o+]c3cc(O)cc(O)c3cc2OC2OC(COC(=O)C=Cc3ccc(O)c(O)c3)C(O)C(O)C2O)cc(OC)c1O,3039,0,32
CCc1oc(C)nc1C,14,0,7
CCOC(=O)CCSC,267,0,6
CCCc1cccc(OC)c1OC,427,0,11
N#C[C@@H](N)CCC(=O)O,257,0,5
CCCCc1ccccc1,31,0,10
O=C(O)CCC1NC(C(=O)O)Cc2c1[nH]c1ccccc21,1202,0,15
COc1cc(C23Oc4cc(O)ccc4C(C2OC2OC(CO)C(O)C(O)C2O)C(C)(C(C)=O)O3)cc(OC)c1O,3196,0,27
CC1SSC(C)S1,0,0,4
CC1=C(C=O)C(C)(C)CCC1,402,0,10
OCC1CCCC1,515,0,6
O=C([O-])CCC1=C(CC(=O)[O-])c2cc3[nH]c(cc4nc(cc5[nH]c(cc1n2)c(CC(=O)[O-])c5CCC(=O)[O-])C(CCC(=O)[O-])=C4CC(=O)[O-])c(CC(=O)[O-])c3CCC(=O)[O-],1797,0,40
CC(=O)CC(C)(C)S,178,0,6
O=C(c1ccccc1)c1ccccc1,80,0,13
CCOC(=O)C(C)C,58,0,6
Oc1ccc(Cl)cc1Cl,552,0,6
COc1cc(C23Oc4cc(O)ccc4C(C2OC2OC(CO)C(O)C(O)C2O)C(C)(C(C)=O)O3)ccc1O,3196,0,26
CC1SCCSS1,0,0,4
CCCCCCC1CCC(=O)O1,225,0,10
CC(=O)C=CC=C(C)C,96,0,8
CC(C)(COP(=O)([O-])OP(=O)([O-])OC[C@H]1O[C@@H](n2cnc3c(N)ncnc32)[C@H](O[C@H]2O[C@H](COP(=O)([O-])OP(=O)([O-])OP(=O)([O-])[O-])[C@@H](O)[C@H]2O)[C@@H]1O)[C@@H](O)C(=O)NCCC(=O)NCCS,2956,0,26
CCCc1nc(C)c(C)s1,11,0,8
Cc1ccc2cccc(C)c2c1,32,0,12
CC(=O)c1cccc(C)c1,118,0,9
CSc1ccoc1C,10,0,6
COc1cc(-c2[o+]c3c(C(C)c4c(O)cc(O)c5c4CC(c4ccc(O)c(O)c4)C(O)C5)c(O)cc(O)c3cc2OC2OC(CO)C(O)C(O)C2O)cc(OC)c1O,3018,0,41
CCCC([O-])=S,87,0,4
Oc1cc(O)c2c(c1)O[C@H](c1cc(O)c(O)c(O)c1)[C@H](O)C2,1943,0,15
COc1cc(C(C)=O)cc(OC)c1O,1002,0,10
COc1c(Cl)cc(Cl)c(Cl)c1Cl,291,0,7
CC1OC(C)C(C)O1,35,0,6
O=P([O-])([O-])O[C@H]1[C@@H](OP(=O)([O-])[O-])[C@@H](OP(=O)([O-])[O-])[C@H](OP(=O)([O-])[O-])[C@@H](OP(=O)([O-])OP(=O)([O-])[O-])[C@@H]1OP(=O)([O-])[O-],1347,0,6
CC(C)=CCC/C(C)=C/CC/C(C)=C\CC/C(C)=C\CC/C(C)=C\CC/C(C)=C\CC/C(C)=C\CC/C(C)=C\CC/C(C)=C\CC/C(C)=C\CC/C(C)=C\COP(=O)([O-])OP(=O)([O-])[O-],808,0,55
CCCc1ccccc1,22,0,9
COc1cc(-c2[o+]c3cc(O)cc([O-])c3cc2[O-])ccc1O,1317,0,16
CC1=CC(O)CC(C)(C)C1C#CC(C)O,753,0,13
CCCCCCCC(=O)CCCCCCC,355,0,15
COc1cc(-c2[o+]c3cc(O)cc(O)c3cc2O[C@@H]2O[C@H](COC(=O)/C=C\c3ccc(O)cc3)[C@@H](O)[C@H](O)[C@H]2O)ccc1O,2980,0,31
CC(C)=CCCC(C)=CCCC(C)=CCCC(C)=CCCC(C)=CCCC(C)=CCCC(C)=CCCC(C)=CCCC(C)=CCCC(C)=CCCC(C)=CCCC(C)=CCCC(C)=CCCC(C)=CCCC(C)=CCCC(C)=CCCC(C)=CCCC(C)=CCCC(C)=CCOP(=O)(O)OP(=O)(O)O,434,0,95
O=P([O-])([O-])O[C@H]1[C@@H](O)[C@H](O)[C@@H](OP(=O)([O-])[O-])[C@H](OP(=O)([O-])[O-])[C@H]1OP(=O)([O-])[O-],2073,0,6
CC(C)=CCC/C(C)=C/CC/C(C)=C/CC/C(C)=C\CC/C(C)=C\CC/C(C)=C\CC/C(C)=C\CC/C(C)=C\CC/C(C)=C\CC/C(C)=C\CC/C(C)=C\CC/C(C)=C\CC/C(C)=C\CC/C(C)=C\COP(=O)([O-])OP(=O)([O-])[O-],808,0,70
CCc1ccc(C)o1,8,0,7
O=COCC(=O)OCCOP(=O)(O)OC1C(O)C(O)C(OP(=O)(O)O)C(O)C1O,1651,0,11
CC(C)=CCC/C(C)=C/CC/C(C)=C/CC/C(C)=C/CC/C(C)=C/CC/C(C)=C/CC/C(C)=C/CC/C(C)=C/CC/C(C)=C/CC/C(C)=C/CC/C(C)=C/CC/C(C)=C/COP(=O)([O-])OP(=O)([O-])[O-],808,0,60
COc1cc(-c2[o+]c3cc(O)cc(O)c3cc2O)cc(O)c1O,1093,0,16
O=c1c(O)c(-c2ccc(O)cc2)oc2cc(O)cc(O)c12,1114,0,15
O=C(O)CCC1=C(CC(=O)O)c2cc3[nH]c(cc4nc(cc5[nH]c(cc1n2)c(CC(=O)O)c5CCC(=O)O)C(CC(=O)O)=C4CCC(=O)O)c(CC(=O)O)c3CCC(=O)O,1797,0,40
CSSSC,0,0,2
CCCc1cccc(C)c1,49,0,10
CCSCC,8,0,4
CC(=O)C1=NCCS1,29,0,5
C=Cc1c2[nH]c(c1C)Cc1[nH]c(c(CCC(=O)O)c1C)Cc1[nH]c(c(C)c1CCC(=O)O)Cc1[nH]c(c(C)c1C=C)C2,1654,0,34
CC1SSC(C)C1=O,32,0,5
O=c1c([O-])c(-c2cc(O)c(O)c(O)c2)oc2cc(O)cc(O)c12,1134,0,15
CCc1nccs1,10,0,5
CCC(=O)CCSC,337,0,6
CC1=C(O)C(=O)CCO1,1307,0,6
O=P([O-])([O-])O[C@H]1[C@@H](OP(=O)([O-])[O-])[C@H](OP(=O)([O-])[O-])[C@@H](OP(=O)([O-])OP(=O)([O-])[O-])[C@H](OP(=O)([O-])[O-])[C@H]1OP(=O)([O-])OP(=O)([O-])O,1352,0,6
Cc1cscc1C,4,0,6
CCCC(=O)C(C)=O,401,0,6
CCOC(=O)CC(O)C(=O)OCC,1353,0,8
c1ccc2scnc2c1,45,0,7
CC1(CC(=O)O)C2=Cc3[nH]c(c(CCC(=O)O)c3CC(=O)O)Cc3[nH]c(c(CC(=O)O)c3CCC(=O)O)C=C3N=C(C=C(N2)C1CCC(=O)O)C(C)(CC(=O)O)C3CCC(=O)O,1035,0,42
CCC(C)c1nccnc1OC,284,0,9
[O]c1ccc(O)cc1,599,0,6
CCSSCC,7,0,4
NC(=O)c1cnccn1,241,0,5
N#C[S-],0,0,1
Oc1ccc(/C=C/c2cc(O)cc(O)c2)cc1,688,0,14
Cc1c2[nH]c(c1CCC(=O)[O-])Cc1[nH]c(c(CCC(=O)[O-])c1C)Cc1[nH]c(c(CCC(=O)[O-])c1C)Cc1[nH]c(c(CCC(=O)[O-])c1C)C2,1711,0,36
CCOC(=O)c1ccoc1,91,0,7
CCCCCCCCC=CCCCCCC(O)CC(=O)SCCNC(=O)CCNC(=O)C(O)C(C)(C)COP(=O)(O)OP(=O)(O)OCC1OC(n2cnc3c(N)ncnc32)C(O)C1OP(=O)(O)O,3281,0,39
CCCCCC(=O)c1ccco1,163,0,10
CCc1nc(C)oc1C,10,0,7
CC(O)C(=O)SCC(C(=O)O)C(N)C(=O)O,1876,0,8
SCc1ccco1,10,0,5
CCc1c(C(=O)O)ccc(O)c1OC,1614,0,10
CCCCCCCCCCCCCCCCCCCCCC(O)C(O)C(=O)NC(CO)C(O)C(O)CCCCCCCCCCCCCC,1890,0,42
CC=Cc1cnccn1,31,0,7
CC(C)=CCC/C(C)=C/CC/C(C)=C\CC/C(C)=C\CC/C(C)=C\COP(=O)([O-])OP(=O)([O-])[O-],808,0,25
CC(C)C(C)C(C)C,3,0,8
Cc1cc(=O)oc2cc(O)ccc12,796,0,10
CO[C@H]1O[C@H](CO)[C@@H](O[C@H]2O[C@H](CO)[C@@H](OC)[C@H](O)[C@H]2O)[C@H](O)[C@H]1O,1812,0,14
O=c1c(O[C@@H]2O[C@H]([C@H](O)CO)[C@H](O)[C@H]2O)c(-c2ccc(O)c(O)c2)oc2cc(O)cc(O)c12,2850,0,21
C=CC=CC(C)OCC,10,0,8
COc1cc(-c2[o+]c3cc(O)cc(O)c3cc2O[C@@H]2O[C@H](COC(C)=O)[C@@H](O)[C@H](O)[C@H]2O)ccc1O,3028,0,24
CC(C)CCCO,639,0,6
O=CNC(Cc1ccc(O)c(-c2cc(CC(NC=O)C(=O)O)ccc2O)c1)C(=O)O,1678,0,20
CCc1csc(CC)n1,4,0,7
CC(O)C(O)C1CNc2ncnc(O)c2N1,1258,0,9
O=P(O)(O)OC1C(O)C(O)C(O)C(O)C1OC1OC(COP(=O)(O)OC2C(O)C(O)C(O)C(O)C2O)C(O)C(O)C1O,2469,0,18
CCCc1ccc(O)c(OC)c1,950,0,10
c1coc(-c2cccs2)c1,0,0,8
CCCCCOC(C)OCC,199,0,9
C1=Cc2cc3ccc(cc4ccc(cc5nc(cc1n2)C=C5)[nH]4)[nH]3,35,0,20
OCC1OC(OC2OC(CO)C(O)C(OC3OC(CO)C(O)C(O)C3O)C2OC2OC(CO)C(O)C(O)C2O)C(O)C(O)C1O,1769,0,24
CC1=CCC2(CC1)C(=C(C)C)CC[C@@H]2C,178,0,15
CCCCCC/C=C\CCCCCCCC(=O)O[C@H](COC(=O)CCCCCCCCCCCCCCC)COP(=O)(O)OC[C@H](O)COP(=O)(O)OC[C@@H](COC(=O)CCCCCCCCCCCCCCC)OC(=O)CCCCCCC/C=C\CCCCCCCC,2255,0,75
CCOCCCO,718,0,5
CC/C=C\CCOC(C)=O,230,0,8
OCc1cccs1,152,0,5
CCCCCC/C=C\CCCCCCCC(=O)OCC(COC(=O)CCCCCCC/C=C\CCCCCC)OC(=O)CCCCCCC/C=C\CCCCCC,344,0,51
C=CC1=C(C)C(Cc2[nH]c(Cc3[nH]c(CC4NC(=O)C(C)=C4CC)c(C)c3CCC(=O)O)c(CCC(=O)O)c2C)NC1=O,1173,0,33
C=CC(C)(O)C/C=C/C(C)(C)O,386,0,10
c1ccc2c(c1)CCC2,28,0,9
CC=C(C=O)c1ccccc1,103,0,10
CCCCCC/C=C\CCCCCCCC(=O)OC[C@H](COP(=O)([O-])OCC(O)COP(=O)([O-])OC[C@@H](COC(=O)CCCCCCC/C=C\CCCCCC)OC(=O)CCCCCCC/C=C\CCCCCC)OC(=O)CCCCCCC/C=C\CCCCCC,2255,0,73
CCCCCC/C=C/CCCCCCCCCC(=O)OC[C@@H](COC(=O)CCCCCCC/C=C\CCCCCCCC)OC(=O)CCCCCCCCCCCCCCC,345,0,55
CN(CC(=O)[O-])C(=[NH2+])NP(=O)([O-])[O-],1922,0,4
CC(=O)Cc1ccco1,89,0,7
Cc1cnc(C)cn1,37,0,6
Cc1ccc(C=O)o1,138,0,6
O=P(O)(O)OC1C(OP(=O)(O)O)C(OP(=O)(O)O)C(OP(=O)(O)O)C(OP(=O)(O)O)C1OP(=O)(O)O,1220,0,6
CC=CC(=O)C1=C(C)CCCC1(C)C,441,0,13
CSC(=O)[C@H](O)COP(=O)([O-])[O-],2270,0,4
C=CC(=O)OCC(C)C,52,0,7
N=c1c2ncn([C@@H]3O[C@H](COP(=O)(O)OP(=O)(O)OP(=O)(O)O)[C@@H](O)[C@H]3O)c2ncn1C1O[C@H](COP(=O)(O)O)[C@@H](O)[C@H]1O,2260,0,15
Cc1c2[nH]c(c1CCC(=O)[O-])Cc1[nH]c(c(CCC(=O)[O-])c1C)Cc1[nH]c(c(CCC(=O)[O-])c1C)Cc1[nH]c(c(C)c1CCC(=O)[O-])C2,1711,0,36
Nc1ncnc2c1ncn2[C@@H]1O[C@H](COP(=O)([O-])OC(=O)CCCC[C@@H]2SC[C@@H]3NC(=O)N[C@H]23)[C@@H](O)[C@H]1O,2683,0,20
SCCc1ccco1,30,0,6
CC(C)=CCCC(C)=CCCC(C)=CCCC(C)=CCCC(C)=CCCC(C)=CCCC(C)=CCCC(C)=CCCC(C)=CCCC(C)=CCCC(C)=CCCC(C)=CCCC(C)=CCCC(C)=CCCC(C)=CCCC(C)=CCOP(=O)(O)OP(=O)(O)O,808,0,80
OCC(O)C(O)C1OC(O)C(O)C1O,2181,0,7
Cc1cnc(C)c(C)n1,37,0,7
CC(C)(C)C1CCC(=O)CC1,364,0,10
Cc1cnc2c(n1)CCC2,29,0,8
CSSc1ccoc1C,3,0,6
C[C@H](CCC(=O)NCCS(=O)(=O)O)[C@H]1CC[C@H]2[C@@H]3[C@@H](O)C[C@@H]4C[C@H](O)CC[C@]4(C)[C@H]3C[C@H](O)[C@@]21C,1405,0,26
CCCCCCC=CCCCCCCCCCC(=O)OCC(COC(=O)CCCCCCCCCCCCCCCCC)OC(=O)CCCCCCCCCCCCCCC,344,0,55
CCCCCCCCCCCC[C@@H](O)[C@@H](O)[C@@H](N)CO,1545,0,16
CC(=O)OCC1OC(Oc2cc3c(O)cc(O)cc3[o+]c2-c2cc(O)c(O)c(O)c2)C(O)C(O)C1O,2828,0,23
COc1cc(C)cc(OC)c1,357,0,9
COc1cc(-c2[o+]c3cc(O)cc(O)c3cc2OC2OC(COC(C)=O)C(O)C(O)C2O)cc(O)c1O,3056,0,24
